sample_id,Unknown,Bacteria,Prosthecochloris,Chloroflexus,Dehalococcoides,Thermus,Listeria,Fusobacterium,Streptobacillus,Brevibacillus,Acidobacteria_Gp1_Gp1,Paenibacillus,Bartonella,Beijerinckia,Bradyrhizobium,Brucella,Methylobacterium,Mesorhizobium,Rhizobium,Parvibaculum,Paracoccus,Gluconacetobacter,Granulibacter,Gemella,Azospirillum,Macrococcus,Magnetospirillum,Rhodospirillum,Staphylococcus,Rickettsia,Pelagibacter,Erythrobacter,Sphingobium,Achromobacter,Bordetella,Burkholderia,Cupriavidus,Polynucleobacter,Ralstonia,Acidovorax,Comamonas,Delftia,Diaphorobacter,Polaromonas,Rhodoferax,Variovorax,Verminephrobacter,Herminiimonas,Oxalobacter,Leptothrix,Methylibium,Thiomonas,Thiobacillus,Methylobacillus,Neisseriaceae,Chromobacterium,Kingella,Laribacter,Abiotrophia,Neisseria,Simonsiella,Aerococcus,Nitrosomonas,Nitrosospira,Azoarcus,Thauera,Desulfotalea,Desulfovibrio,Lawsonia,Pelobacter,Geobacter,Anaeromyxobacter,Syntrophus,Granulicatella,Campylobacter,Helicobacter,Aeromonas,Tolumonas,Idiomarina,Shewanella,Cardiobacterium,Nitrosococcus,Enterococcus,Thioalkalivibrio,Enterobacteriaceae,Citrobacter,Cronobacter,Dickeya,Edwardsiella,Enterobacter,Erwinia,Escherichia/Shigella,Klebsiella,Lactobacillus,Pantoea,Pectobacterium,Photorhabdus,Proteus,Providencia,Salmonella,Serratia,Sodalis,Pediococcus,Xenorhabdus,Yersinia,Leuconostoc,Weissella,Lactococcus,Pasteurellaceae,Actinobacillus,Aggregatibacter,Haemophilus,Histophilus,Streptococcus,Pasteurella,Acinetobacter,Enhydrobacter,Azotobacter,Cellvibrio,Pseudomonas,Clostridiales,Aliivibrio,Photobacterium,Vibrio,Stenotrophomonas,Xanthomonas,Brachyspira,Treponema,Aminobacterium,Aminomonas,Pyramidobacter,Acholeplasma,Entomoplasmataceae,Mesoplasma,Mycoplasma,Verrucomicrobia,Akkermansia,Opitutus,Coraliomargarita,Methanobrevibacter,Methanosphaera,Methanocella,Cyanobacteria,Family_XII_GpXII,Cyanobacteria_Family_XI_GpXI,Family_IX_GpIX,Megasphaera,Acidaminococcus,Mitsuokella,Selenomonas,Veillonella,Dialister,Ruminococcaceae,Subdoligranulum,Faecalibacterium,Acetivibrio,Anaerotruncus,Ruminococcus,Alkaliphilus,Clostridium,Symbiobacterium,Thermincola,Desulfitobacterium,Desulfotomaculum,Pelotomaculum,Finegoldia,Peptoniphilus,Parvimonas,Anaerococcus,Syntrophomonas,Syntrophothermus,Peptostreptococcaceae,Filifactor,Sporacetigenium,Peptostreptococcus,Heliobacterium,Lachnospiraceae,Oribacterium,Coprococcus,Roseburia,Catonella,Dorea,Shuttleworthia,Anaerostipes,Anaerofustis,Eubacterium,Blautia,Anaerosporobacter,Marvinbryantia,Carboxydothermus,Caldicellulosiruptor,Halothermothrix,Ammonifex,Caldanaerobacter,Moorella,Thermoanaerobacter,Bulleidia,Catenibacterium,Coprobacillus,Erysipelothrix,Holdemania,Turicibacter,Bacteroides,Porphyromonadaceae,Parabacteroides,Porphyromonas,Prevotella,Alistipes,Capnocytophaga,Chryseobacterium,Croceibacter,Zunongwangia,Cytophaga,Dyadobacter,Bacillales,Pedobacter,Sphingobacterium,Alicyclobacillus,Actinomycetales,Actinomyces,Mobiluncus,Corynebacterium,Gordonia,Nocardia,Anoxybacillus,Rhodococcus,Bacillus,Stackebrandtia,Brevibacterium,Exiguobacterium,Kytococcus,Geobacillus,Micrococcus,Rothia,Xylanimonas,Oceanobacillus,Propionibacterium,Saccharopolyspora,Streptomyces,Bifidobacterium,Gardnerella,Parascardovia,Scardovia,Atopobium,Collinsella,Cryptobacterium,Eggerthella,Gordonibacter,Slackia,Acetobacter,Acidimicrobium,Acidiphilium,Acidithiobacillus,Acidobacteria_Gp3_Gp3,Acidothermus,Actinosynnema,Aeromicrobium,Aeropyrum,Afipia,Alcanivorax,Alkalilimnicola,Allochromatium,Alphaproteobacteria,Alteromonas,Anaerobaculum,Anaplasma,Aquifex,Arcanobacterium,Archaeoglobus,Arcobacter,Arsenophonus,Arthrobacter,Azorhizobium,Bdellovibrio,Beutenbergia,Borrelia,Brachybacterium,Bradyrhizobiaceae,Caldivirga,Candidatus_Korarchaeum,Catenulispora,Caulobacter,Cellulomonas,Chitinophaga,Chlamydia,Chlamydophila,Chlorobaculum,Chlorobiaceae,Chlorobium,Chloroherpeton,Chromohalobacter,Clavibacter,Colwellia,Conexibacter,Coprothermobacter,Cyanobacteria_Family_II_GpIIa,Cyanobacteria_Family_II_GpIIb,Cyanobacteria_Family_I_GpI,Deferribacter,Dehalogenimonas,Deinococcus,Denitrovibrio,Desulfatibacillum,Desulfobacteraceae,Desulfobacterium,Desulfohalobium,Desulfomicrobium,Desulfurivibrio,Desulfurococcus,Dichelobacter,Dictyoglomus,Dinoroseobacter,Ehrlichia,Ensifer,Family_X_GpX,Ferribacterium,Ferroglobus,Fervidobacterium,Fibrobacter,Flavobacteriales,Flavobacterium,Francisella,Frankineae,Gammaproteobacteria,Gemmatimonas,Geodermatophilus,Glaciecola,Gluconobacter,Gramella,Hahella,Haliangium,Haloarcula,Halobacterium,Haloferax,Halomicrobium,Haloquadratum,Halorhabdus,Halorhodospira,Halorubrum,Haloterrigena,Halothiobacillus,Herpetosiphon,Hirschia,Hydrogenobacter,Hydrogenobaculum,Hyperthermus,Hyphomicrobium,Hyphomonas,Ignicoccus,Jonesia,Jonquetella,Kangiella,Kineococcus,Kocuria,Kosmotoga,Kribbella,Legionella,Leifsonia,Leptospira,Leptotrichia,Lysinibacillus,Maricaulis,Marinobacter,Marinomonas,Meiothermus,Metallosphaera,Methanocaldococcus,Methanococcoides,Methanococcus,Methanocorpusculum,Methanoculleus,Methanohalophilus,Methanomicrobiales,Methanopyrus,Methanosaeta,Methanosarcina,Methanosarcinaceae,Methanosphaerula,Methanospirillum,Methanothermobacter,Methylocella,Methylococcus,Methylophilaceae,Methylotenera,Methylovorus,Moraxella,Mycobacterium,Myxococcus,Nakamurella,Nanoarchaeum,Natranaerobius,Natrialba,Natronomonas,Nautilia,Neorickettsia,Nitratiruptor,Nitrobacter,Nocardioides,Nocardiopsis,Novosphingobium,Ochrobactrum,Oenococcus,Orientia,Parachlamydia,Persephonella,Petrotoga,Phenylobacterium,Phyllobacteriaceae,Picrophilus,Pirellula,Planctomyces,Propionivibrio,Proteobacteria,Pseudoalteromonas,Psychrobacter,Psychromonas,Pyrobaculum,Pyrococcus,Renibacterium,Rhizobiales,Rhodobacter,Rhodobacteraceae,Rhodocista,Rhodocyclaceae,Rhodopirellula,Rhodopseudomonas,Rhodospirillaceae,Rhodothermus,Robiginitalea,Roseobacter,Roseomonas,Rubrobacter,Ruegeria,Saccharomonospora,Saccharophagus,Salinibacter,Salinispora,Sanguibacter,Sebaldella,Segniliparus,Silicibacter,Sorangium,Sphaerobacter,Sphingobacteriales,Sphingomonas,Sphingopyxis,Spirosoma,Staphylothermus,Starkeya,Streptosporangium,Sulfolobus,Sulfurihydrogenibium,Sulfurimonas,Sulfurospirillum,Sulfurovum,Syntrophobacter,Teredinibacter,Thermoanaerobacteraceae,Thermobifida,Thermobispora,Thermococcus,Thermocrinis,Thermodesulfovibrio,Thermofilum,Thermomicrobia,Thermomicrobium,Thermomonospora,Thermoplasma,Thermoplasmatales,Thermoprotei,Thermosipho,Thermosphaera,Thermotoga,Thiomicrospira,Tropheryma,Truepera,Tsukamurella,Ureaplasma,Waddlia,Wolinella,Xanthobacter,Xylella,Zymomonas,Papillibacter,Anaerovorax,Parasporobacterium,Chrysiogenes,Solobacterium,Sarcina,Olsenella,Lachnobacterium,Anaeroglobus,Dysgonomonas,Megamonas,Gallicola,Sneathia,Victivallis,Varibaculum,Solirubrobacter,Allisonella,Tepidibacter,Hespellia,Bryantella,Mahella,Ethanoligenens,Soehngenia,Acetanaerobacterium,Peptococcus,Carnobacterium,Rikenella,Odoribacter,Acetitomaculum,Phascolarctobacterium,Coriobacterium,Microbacterium,Acetobacterium,Luteococcus,Geosporobacter,Barnesiella,Zymophilus,Howardella,Sutterella,Succiniclasticum,Lactonifactor,Moryella,Sporobacter,Oscillibacter,Pseudobutyrivibrio,Cloacibacillus,Hallella,Anaerofilum,Asaccharobacter,Xylanibacter,Escherichia,Butyricimonas,Paraprevotella,Parasutterella,Enterorhabdus,Butyricicoccus,Robinsoniella,Hydrogenoanaerobacterium,Thermotalea,Paraeggerthella,Anaerobacter,Desulfocurvus,Fusibacter,Actinobaculum,Asticcacaulis,Succinispira,Butyrivibrio,Desulfonispora,Syntrophococcus,Mogibacterium,metadata_Enterotype,metadata_SeqTech,metadata_Project,metadata_Nationality,metadata_Gender,metadata_Age,metadata_ClinicalStatus
AM.AD.1,0.42650351,0,0,0,0,0,0,0,0,0,0,0,0,0,0,0,0,0,0,0,0,0,0,0,0,0,0,0,3.033e-05,0,6.54e-05,0,0,0,0,0,0,0,0,0,0,0,0,0,0,0,0,0,0,0,0,0,0,0,0,0,0,0,2.094e-05,0,0,0,0,0,0,0,0,0,8.809e-05,0,0,0,0,2.198e-05,0,0,0,0,0,0,0,0,0.00605774,0,0,0,0,0,0,0,0,0.00011009,0,0.00383395,0,0,0,0,0,0,0,0,0,0,0,4.765e-05,0,0.00078303,0,0,0,0,0,3.535e-05,0,0,0,0,0,0,0.00037359,0,0,0,0,0,0,1.702e-05,0,0,0,0,0,0,0,0,0,0,0,0.11354698,0.00072647,0,0,0,0,0,0.00086778,0.00124581,0.00798553,0,2.007e-05,0.00079008,0.00638002,0.00273856,0.02069903,0.00028056,0.00021478,0.01847423,5.209e-05,0.00032483,0,0,5.4e-06,1.255e-05,0,4.762e-05,0,0,0,0,0,0.0002506,0,0.00037439,7.561e-05,0,0.02270117,4.743e-05,0.01594243,0.00839634,0.00011071,0.00395459,5.918e-05,0.00496182,0,0.03460012,0.0189648,0,0.0001129,0,0,0,0,0,0,0,0.00030149,0.03006735,0.00021852,0,0.00051691,0.00021737,0.0001494,0,0,0,0.00021861,0,0,0,0,1.669e-05,0,0,0,0,0,0,0,0.00059957,1.658e-05,1.702e-05,0,0,0,0,0,0,0,2.821e-05,0,0,0,0,0,0,0.00049074,0,0,0.16559211,0,0,0,0.00142926,0.0756684,5.291e-05,0.00047132,0.00069196,0.00028238,0,0,0,0,0,0,0,0,0,0,0,0,0,0,0,0,0,0,0,0,0,0,0,0,0,0,0,0,0,0,0,0,0,0,0,0,0,0,0,0,0,0,0,0,0,0,0,0,0,0,0,0,0,0,0,0,0,0,0,0,0,0,0,0,0,0,0,0,0,0,0,0,0,0,0,0,0,0,0,0,0,0,0,0,0,0,0,0,0,0,0,0,0,0,0,0,0,0,0,0,0,0,0,0,0,0,0,0,0,0,0,0,0,0,0,0,0,0,0,0,0,0,0,0,0,0,0,0,0,0,0,0,0,0,0,0,0,0,0,0,0,0,0,0,0,0,0,0,0,0,0,0,0,0,0,0,0,0,0,0,0,0,0,0,0,0,0,0,0,0,0,0,0,0,0,0,0,0,0,0,0,0,0,0,0,0,0,0,0,0,0,0,0,0,0,0,0,0,0,0,0,0,0,0,0,0,0,0,0,0,0,0,0,0,0,0,0,0,0,0,0,0,0,0,0,0,0,0,0,0,0,0,0,0,0,0,0,0,0,0,0,0,0,0,0,0,0,0,0,0,0,0,0,0,0,0,0,0,0,0,0,0,0,0,0,0,0,0,0,0,0,0,0,0,0,0,0,0,0,0,0,0,0,0,0,0,0,0,0,0,0,0,0,0,0,0,0,0,0,0,0,0,0,0,,Sanger,gill06,american,F,28,healthy
AM.AD.2,0.33226194,0,0,0,0.00026835,0,0,1.508e-05,0,0,0,0,0,0,0,0,0,0,0,0,0,0,0,4.171e-05,0,0,0,0,0,0,0,0,0,0,0,0,0,0,0,0,0,0,0,0,0,0,0,0,1.572e-05,0,0,0,0,0,0,0,0,0,0,0,0,0,0,0,0,0,0,0,5.412e-05,0,0,0,0,0.00012153,0,0,0,0,0,0,0,0,0.000493,0,0,0,0,0,0,0,0,8.29e-05,0,0.00152296,0,0,0,0,0,0,0,0,0,0,0,3.939e-05,3.983e-05,0.00249582,0,0,0,0,0,0.00897181,0,0,0,0,0,0,0.00085775,0,1.247e-05,0,0,0,0,5.71e-05,0,0,0,0,0,0,0,0,0,0,0,0.10343604,0,0,0,0,0,0,0.00042649,0.00081617,1.53e-05,1.541e-05,1.823e-05,0.00790476,0.00499176,0.00073319,0.0053353,4.105e-05,0.00057256,0.06125294,0,8.42e-05,0,0,0,0,0,2.194e-05,4.642e-05,4.629e-05,0.00012519,0,0,0.00215806,0,0.00056704,0.00019564,0,0.08606714,2.931e-05,0.03877863,0.04544398,0.00023994,0.03091497,3.636e-05,0.04958098,0.0001381,0.00956317,0.09483278,4.882e-05,0.0087741,0,0,0,0,0,0,0,5.557e-05,0.00030513,0.00472638,0,0.00043288,2.671e-05,7.05e-05,0,3.202e-05,0,2.488e-05,3.092e-05,0,0,0,0,0,0,0,0,0,0,0,0.00202553,3.216e-05,4.968e-05,0,0,0,0,1.833e-05,0,0,0,0,0,0,6.981e-05,0,0,3.081e-05,0,0,0.01464963,0,0,0,0.00020824,0.0716398,0,0.00320678,0.00169797,6.255e-05,0,0,0,0,0,0,0,0,0,0,0,0,0,0,0,0,0,0,0,0,0,0,0,0,0,0,0,0,0,0,0,0,0,0,0,0,0,0,0,0,0,0,0,0,0,0,0,0,0,0,0,0,0,0,0,0,0,0,0,0,0,0,0,0,0,0,0,0,0,0,0,0,0,0,0,0,0,0,0,0,0,0,0,0,0,0,0,0,0,0,0,0,0,0,0,0,0,0,0,0,0,0,0,0,0,0,0,0,0,0,0,0,0,0,0,0,0,0,0,0,0,0,0,0,0,0,0,0,0,0,0,0,0,0,0,0,0,0,0,0,0,0,0,0,0,0,0,0,0,0,0,0,0,0,0,0,0,0,0,0,0,0,0,0,0,0,0,0,0,0,0,0,0,0,0,0,0,0,0,0,0,0,0,0,0,0,0,0,0,0,0,0,0,0,0,0,0,0,0,0,0,0,0,0,0,0,0,0,0,0,0,0,0,0,0,0,0,0,0,0,0,0,0,0,0,0,0,0,0,0,0,0,0,0,0,0,0,0,0,0,0,0,0,0,0,0,0,0,0,0,0,0,0,0,0,0,0,0,0,0,0,0,0,0,0,0,0,0,0,0,0,0,0,0,0,0,0,0,0,0,0,0,0,0,0,0,0,0,0,0,0,0,0,0,0,0,0,0,0,0,0,0,0,0,,Sanger,gill06,american,M,37,healthy
AM.F10.T1,0.48195467,0,0,0,9.59e-06,0,0,0,0,0,0,3.92e-06,0,0,0,0,0,0,0,0,0,0,0,7.45e-06,0,0,0,0,2.262e-05,0,0,0,0,0,0,0,0,0,0,2.63e-06,0,0,3.17e-06,0,0,0,0,0,3.369e-05,0,0,0,0,0,0,0,0,0,0,3.76e-06,0,0,0,0,0,0,0,0,2.9e-05,0,0,0,0,7.24e-06,8.65e-06,0.00656255,0,0,0,0,0,0,7.221e-05,4.07e-06,0,0,0,0,0,0,0,0.00014152,0,0.00036833,0,0,0,0,0,0,0,0,0,0,0,7.04e-06,0,0.00016915,0,0,0,0,0,0.00093296,0,0,0,0,0,0,0.00147056,0,0,0,0,0,0,1.929e-05,0,0,8.25e-06,9.363e-05,6.163e-05,3.553e-05,0,0,0.00110539,0,0,0.01963307,0,0,0,0,0,0,0.00092646,0.00032022,2.73e-06,1.101e-05,6.51e-06,0.00562585,0.01167649,0.00395948,0.08192745,2.636e-05,0.00238015,0.04024466,2.86e-06,2.557e-05,7.9e-06,0,4.92e-05,1.95e-06,4.66e-06,1.511e-05,0,1.654e-05,1.074e-05,0,0,0.00078861,1.475e-05,0.0011575,9.077e-05,4.58e-06,0.05016927,4.732e-05,0.00829207,0.05209823,6.277e-05,0.02177863,0,0.01282593,5.551e-05,0.0073662,0.0583278,8.72e-06,0.00020289,0,0,0,0,0,0,6.11e-06,0,5.802e-05,0.00064307,3.259e-05,0.00081267,6.679e-05,0.05774625,0,0.00709511,6.28e-06,0.00053382,0.00223037,0,0,0,0,0,0,0,0,0,0,5.59e-06,6.428e-05,8.62e-06,5.83e-05,0,0,0,0,1.78e-05,0,0,4.64e-06,0,0,0,0,0,0,2.242e-05,0,0,0.05532359,0,0,0,0,5.583e-05,0,0.001606,0.0002968,0,0,0,0,0,0,0,0,0,0,0,0,0,0,0,0,0,0,0,0,0,0,0,0,0,0,0,0,0,0,0,0,0,0,0,0,0,0,0,0,0,0,0,0,0,0,0,0,0,0,0,0,0,0,0,0,0,0,0,0,0,0,0,0,0,0,0,0,0,0,0,0,0,0,0,0,0,0,0,0,0,0,0,0,0,0,0,0,0,0,0,0,0,0,0,0,0,0,0,0,0,0,0,0,0,0,0,0,0,0,0,0,0,0,0,0,0,0,0,0,0,0,0,0,0,0,0,0,0,0,0,0,0,0,0,0,0,0,0,0,0,0,0,0,0,0,0,0,0,0,0,0,0,0,0,0,0,0,0,0,0,0,0,0,0,0,0,0,0,0,0,0,0,0,0,0,0,0,0,0,0,0,0,0,0,0,0,0,0,0,0,0,0,0,0,0,0,0,0,0,0,0,0,0,0,0,0,0,0,0,0,0,0,0,0,0,0,0,0,0,0,0,0,0,0,0,0,0,0,0,0,0,0,0,0,0,0,0,0,0,0,0,0,0,0,0,0,0,0,0,0,0,0,0,0,0,0,0,0,0,0,0,0,0,0,0,0,0,0,0,0,0,0,0,0,0,0,0,0,0,0,0,0,0,0,0,0,0,0,0,0,0,0,0,0,0,0,0,0,0,0,0,0,0,0,,Sanger,turnbaugh09,american,F,,obese
AM.F10.T2,0.38858308,0,0,0,0,4.24e-06,0,0,4.71e-06,0,0,0,0,0,0,0,0,0,0,0,0,0,0,0,0,3.73e-06,0,0,7.85e-06,0,0,0,0,0,3.56e-06,9e-07,0,0,0,0,0,0,0,0,0,0,0,0,1.561e-05,0,0,0,0,0,0,0,0,0,6.518e-05,0,0,0,1.96e-06,0,0,0,0,6.58e-06,4.3e-05,2.14e-06,0,0,0,1.227e-05,4.77e-06,0.00016346,0,0,0,0,0,0,0.00361745,0,9.13e-06,3.06e-06,0,0,0,0,0,0.00123483,0,0.00016338,0,0,0,0,0,3.27e-06,0,0,0,0,1.74e-06,8.36e-06,0,0.00033127,0,0,0,0,0,0.00194011,0,6.6e-07,0,0,0,0,0.00546261,0,0,1.85e-06,0,1.53e-06,0,2.229e-05,0,0,0,0,0,0,0,0,0.00261134,0,0,0.01254332,0,0,0,0,0,0,0.00044477,0.00076266,0,3.06e-06,7.28e-06,6.611e-05,0.01143619,0.00591211,0.07171254,1.585e-05,0.00110223,0.00909014,0,9.37e-06,2.2e-06,0,0,0,2.59e-06,4.48e-05,4.61e-06,4.6e-06,1.597e-05,0,0,0.00055551,4.1e-06,0.00037033,7.52e-06,0,0.02372668,3.503e-05,0.01063818,0.01349262,5.742e-05,0.01137338,3.61e-06,0.00247337,0.00014745,0.00986877,0.1018554,4.85e-06,0.00021269,3.26e-06,0,0,0,0,0,0,0,2.053e-05,0.00024469,0,0.00110655,0,0.05419578,0,0.00473679,3.49e-06,0.00066867,0.00591334,0,0,0,0,0,0,0,0,0,0,0,0.0001163,3.19e-06,0.00036737,0,0,0,0,0,0,0,0,0,0,0,0,0,0,3.13e-06,0,0,0.20264694,0,0,0,2.042e-05,0.03577404,0,0.00132109,0.00048639,2.48e-05,0,0,0,0,0,0,0,0,0,0,0,0,0,0,0,0,0,0,0,0,0,0,0,0,0,0,0,0,0,0,0,0,0,0,0,0,0,0,0,0,0,0,0,0,0,0,0,0,0,0,0,0,0,0,0,0,0,0,0,0,0,0,0,0,0,0,0,0,0,0,0,0,0,0,0,0,0,0,0,0,0,0,0,0,0,0,0,0,0,0,0,0,0,0,0,0,0,0,0,0,0,0,0,0,0,0,0,0,0,0,0,0,0,0,0,0,0,0,0,0,0,0,0,0,0,0,0,0,0,0,0,0,0,0,0,0,0,0,0,0,0,0,0,0,0,0,0,0,0,0,0,0,0,0,0,0,0,0,0,0,0,0,0,0,0,0,0,0,0,0,0,0,0,0,0,0,0,0,0,0,0,0,0,0,0,0,0,0,0,0,0,0,0,0,0,0,0,0,0,0,0,0,0,0,0,0,0,0,0,0,0,0,0,0,0,0,0,0,0,0,0,0,0,0,0,0,0,0,0,0,0,0,0,0,0,0,0,0,0,0,0,0,0,0,0,0,0,0,0,0,0,0,0,0,0,0,0,0,0,0,0,0,0,0,0,0,0,0,0,0,0,0,0,0,0,0,0,0,0,0,0,0,0,0,0,0,0,0,0,0,0,0,0,0,0,0,0,0,0,0,0,0,0,0,3,Sanger,turnbaugh09,american,F,,obese
DA.AD.1,0.53360402,0,0,0,0,0,0,0,0,0,0,5.52e-06,3.268e-05,0,0,0,0,0,0,0,0,0,0,0,0,0,0,6.46e-06,0,0,0,0,0,0,2.744e-05,1.708e-05,0,0,0,0,0,0,5.49e-06,0,0,0,0,0,1.158e-05,1.15e-06,0,0,0,0,0,0,0,0,2.752e-05,0,0,0,0,0,0,0,0,0.0031502,0,0,0,0,8.84e-06,0,1.247e-05,0,0,0,0,0,0,0,9.719e-05,0,0,0,0,0,0,0,0,4.405e-05,0,0.00026047,0,0,0,0,0,0,0,0,0,0,0,0,0,0,0,7.525e-05,0,0,0,9.541e-05,0,7.814e-05,0,0,0,0,0.00074632,0,0,0,0,0,0,3.914e-05,0,0,0,0,0,0,0,0,0.00021111,0,0,0,0,0,0,0,0,0,0.00015476,0.00030998,3.64e-06,0,3.916e-05,0,0.00281107,0.00263982,0.01877957,8.708e-05,0.00056448,0.00649973,0,3.532e-05,0,0,1.535e-05,7.79e-06,9.29e-06,0.00012515,0,1.65e-05,0,0,0,0.00015311,0,8.751e-05,3.15e-05,0,0.0537487,3.502e-05,0.00547985,0.00818179,2.762e-05,0.00299562,0,0.0021567,7.385e-05,0.00478543,0.00806225,2.707e-05,6.903e-05,0,0,0,0,0,0,1.167e-05,5.943e-05,0.00140008,0.00040383,0,0.0002008,9.52e-06,0.05414964,2.524e-05,0.00544593,0.00057755,0.24449648,0.03436218,0,0,0,0,0,0,0,0,0,0,0,1.156e-05,0,8.39e-06,0,0,0,1.756e-05,6.69e-06,4.11e-06,0,0,0,0,0,0,0,0,0,0,0,0.00054682,0,0,0,1.822e-05,0.00143849,0,6.194e-05,0.0001325,4.007e-05,0,0,0,0,0,0,0,0,0,0,0,0,0,0,0,0,0,0,0,0,0,0,0,0,0,0,0,0,0,0,0,0,0,0,0,0,0,0,0,0,0,0,0,0,0,0,0,0,0,0,0,0,0,0,0,0,0,0,0,0,0,0,0,0,0,0,0,0,0,0,0,0,0,0,0,0,0,0,0,0,0,0,0,0,0,0,0,0,0,0,0,0,0,0,0,0,0,0,0,0,0,0,0,0,0,0,0,0,0,0,0,0,0,0,0,0,0,0,0,0,0,0,0,0,0,0,0,0,0,0,0,0,0,0,0,0,0,0,0,0,0,0,0,0,0,0,0,0,0,0,0,0,0,0,0,0,0,0,0,0,0,0,0,0,0,0,0,0,0,0,0,0,0,0,0,0,0,0,0,0,0,0,0,0,0,0,0,0,0,0,0,0,0,0,0,0,0,0,0,0,0,0,0,0,0,0,0,0,0,0,0,0,0,0,0,0,0,0,0,0,0,0,0,0,0,0,0,0,0,0,0,0,0,0,0,0,0,0,0,0,0,0,0,0,0,0,0,0,0,0,0,0,0,0,0,0,0,0,0,0,0,0,0,0,0,0,0,0,0,0,0,0,0,0,0,0,0,0,0,0,0,0,0,0,0,0,0,0,0,0,0,0,0,0,0,0,0,0,0,0,0,0,0,0,2,Sanger,MetaHIT,danish,F,59,healthy
DA.AD.1T,0.62499134,0,0,8.1e-07,0,0,0,3.181e-05,0,6.7e-07,0,4.99e-06,5.37e-06,0,0,0,0,1.21e-06,1.79e-06,5.4e-07,0,0,0,0,6.4e-07,0,2.99e-06,3.42e-06,6.29e-06,3.82e-06,0,0,2.02e-06,1.04e-06,6.26e-06,2.02e-06,5.75e-06,1.97e-06,8.3e-07,7.9e-07,0,1.05e-06,2.07e-06,9.6e-07,1.8e-06,0,0,0,7.34e-06,3.89e-06,8.8e-07,1.25e-06,0,0,1.96e-06,2.68e-06,0,0,2.08e-06,2.99e-06,0,0,0,0,2.91e-06,9.4e-07,0,0.00080233,5.83e-06,0,1.11e-06,1.69e-06,0,2.18e-06,4.55e-06,2.6e-06,0,0,0,0,0,0,6.14e-05,0,0,0,0,0,0,0,0,2.694e-05,0,0.00035285,0,0,0,0,8.9e-07,0,0,0,0,0,0,0,0,3.54e-06,0,6.3e-07,0,1.151e-05,0,0.00013102,0,1.299e-05,0,0,0,6e-07,0.00061541,0,0,0,0,0,0,1.397e-05,4.29e-06,0,3.32e-06,9.9e-06,4.21e-06,5.36e-06,0,1.86e-06,6.06e-05,0,0,9.87e-06,0,0,7.9e-07,0,0,1.19e-06,8.861e-05,0.00020206,1.649e-05,2.07e-06,3.986e-05,4.48e-06,0.00154728,0.00132548,0.01495492,4.554e-05,0.00045403,0.01033409,1.36e-06,1.455e-05,1.19e-06,8.6e-07,1.11e-06,2.11e-06,1.4e-06,7.057e-05,5e-06,4.99e-06,8.9e-06,0,2.65e-06,0.00013576,0,5.48e-05,2.721e-05,3.45e-06,0.06999492,1.981e-05,0.00674175,0.00830782,3.725e-05,0.00492563,1.665e-05,0.00391387,3.533e-05,0.00430092,0.01142055,2.366e-05,0.00011208,0,0,3.3e-06,0,1.58e-06,1.62e-06,0,2.99e-06,0.00226963,0.00033743,1.228e-05,0.00016997,5.75e-06,0.04177826,0,0.00372461,0.00032351,0.16858615,0.01559203,1.42e-06,0,0,0,9.6e-07,2.44e-06,0,0,8.2e-07,0,0,1.055e-05,8.84e-06,3.38e-06,8.2e-07,0,0,5.4e-07,2.83e-06,4.1e-07,0,0,0,0,0,3.76e-06,0,1.17e-06,0,0,0,0.00019326,0,0,0,5.71e-06,0.00041028,2.63e-06,2.846e-05,3.552e-05,1.344e-05,0,0,0,0,0,0,0,0,0,0,0,0,0,0,0,0,0,0,0,0,0,0,0,0,0,0,0,0,0,0,0,0,0,0,0,0,0,0,0,0,0,0,0,0,0,0,0,0,0,0,0,0,0,0,0,0,0,0,0,0,0,0,0,0,0,0,0,0,0,0,0,0,0,0,0,0,0,0,0,0,0,0,0,0,0,0,0,0,0,0,0,0,0,0,0,0,0,0,0,0,0,0,0,0,0,0,0,0,0,0,0,0,0,0,0,0,0,0,0,0,0,0,0,0,0,0,0,0,0,0,0,0,0,0,0,0,0,0,0,0,0,0,0,0,0,0,0,0,0,0,0,0,0,0,0,0,0,0,0,0,0,0,0,0,0,0,0,0,0,0,0,0,0,0,0,0,0,0,0,0,0,0,0,0,0,0,0,0,0,0,0,0,0,0,0,0,0,0,0,0,0,0,0,0,0,0,0,0,0,0,0,0,0,0,0,0,0,0,0,0,0,0,0,0,0,0,0,0,0,0,0,0,0,0,0,0,0,0,0,0,0,0,0,0,0,0,0,0,0,0,0,0,0,0,0,0,0,0,0,0,0,0,0,0,0,0,0,0,0,0,0,0,0,0,0,0,0,0,0,0,0,0,0,0,0,0,0,0,0,0,0,0,0,0,0,0,0,0,0,0,0,0,0,0,,Sanger,,,,,
DA.AD.2,0.634708,1.328e-05,0,0,2.03e-05,0,0,8.52e-06,0,2.37e-06,0,0,0,0,0,0,4.91e-06,0,0,0,0,0,0,0,0,0,0,0,0,0,0,0,0,0,0,0,0,0,0,0,0,0,0,0,0,0,0,0,0.00026468,0,0,0,0,0,0,0,0,0,0,0,0,0,0,0,0,0,0,0.00400686,3.07e-05,0,0,0,0,0,0,0,0,0,0,0,0,0,4.103e-05,0,1.038e-05,0,0,0,0,0,0,0.00212751,2.19e-05,6.486e-05,0,0,0,0,0,2.07e-06,0,0,0,0,0,0,0,0,0,0,0,0,0,0.00020572,0,2.487e-05,0,0,0,0,0.00129529,0,0,0,0,0,0,1.78e-05,0,0,0,4.957e-05,0.00029549,3.762e-05,0.00365058,0,0.06584182,0,0,0.00768753,0,0,0,0,5.11e-06,0,0.00033418,0.00025516,6.368e-05,0,2.744e-05,4.721e-05,0.00750259,0.00199408,0.00849171,0.00023424,0.00072407,0.00176278,3.726e-05,5.041e-05,0,0,5.21e-06,1.483e-05,9.86e-06,0,0.00010536,1.751e-05,5.202e-05,0,0,0.00035532,0,6.023e-05,8.795e-05,9.7e-06,0.01329292,2.23e-05,0.00485286,0.00249954,0.00010434,0.00145824,0,0.00388322,6.53e-05,0.00727166,0.00560877,2.462e-05,7.434e-05,1.242e-05,0,0,0,0,0,0,0,0.00011728,0.00020926,5.176e-05,0.00053384,8.587e-05,0.1470976,0,0.00773108,0.0001851,0.00193614,0.03772014,0,0,0,0,0,4.28e-06,0,0,0,2.965e-05,0,9.909e-05,1.217e-05,1.656e-05,0,0,0,0,2.281e-05,0,0,0,0,2.584e-05,0,1.196e-05,0,2.466e-05,3.202e-05,0,0,0.01654659,0,0,0,8.716e-05,0.00501031,9.22e-06,0.00022179,0.00026877,5.693e-05,0,0,0,0,0,0,0,0,0,0,0,0,0,0,0,0,0,0,0,0,0,0,0,0,0,0,0,0,0,0,0,0,0,0,0,0,0,0,0,0,0,0,0,0,0,0,0,0,0,0,0,0,0,0,0,0,0,0,0,0,0,0,0,0,0,0,0,0,0,0,0,0,0,0,0,0,0,0,0,0,0,0,0,0,0,0,0,0,0,0,0,0,0,0,0,0,0,0,0,0,0,0,0,0,0,0,0,0,0,0,0,0,0,0,0,0,0,0,0,0,0,0,0,0,0,0,0,0,0,0,0,0,0,0,0,0,0,0,0,0,0,0,0,0,0,0,0,0,0,0,0,0,0,0,0,0,0,0,0,0,0,0,0,0,0,0,0,0,0,0,0,0,0,0,0,0,0,0,0,0,0,0,0,0,0,0,0,0,0,0,0,0,0,0,0,0,0,0,0,0,0,0,0,0,0,0,0,0,0,0,0,0,0,0,0,0,0,0,0,0,0,0,0,0,0,0,0,0,0,0,0,0,0,0,0,0,0,0,0,0,0,0,0,0,0,0,0,0,0,0,0,0,0,0,0,0,0,0,0,0,0,0,0,0,0,0,0,0,0,0,0,0,0,0,0,0,0,0,0,0,0,0,0,0,0,0,0,0,0,0,0,0,0,0,0,0,0,0,0,0,0,0,0,0,3,Sanger,MetaHIT,danish,M,54,healthy
DA.AD.3,0.77980981,0,0,0,0,0,0,0,5.138e-05,0,0,5.59e-06,0,0,0,0,0,0,0,0,0,0,0,0,0,0,0,0,0,0,0,0,0,0,1.212e-05,6.64e-06,0,0,0,0,0,0,0,0,0,0,0,0,9.112e-05,0,0,0,0,0,0,5.99e-06,0,8.98e-06,0,0,0,0,0,0,0,0,0,0.00021633,0,0,1.821e-05,0,0,0,0,0,0,0,1.003e-05,0,0,0,0.00012505,0,0,0,0,0,0,1.696e-05,0,0.00250316,0,0.00010554,0,1.87e-06,0,0,0,2.91e-06,0,0,0,0,0,0,0,0,0,0,0,0,1.418e-05,0,0,0,0,0,1.24e-06,0,0.00074028,0,0,1.568e-05,0,0,0,1.132e-05,0,0,2.223e-05,0,2.35e-05,0,0,0,0.0290503,0,0,0.00013041,0,0,0,0,0,0,0.00021307,0.00087582,0.00908239,1.113e-05,0,0.00025531,0.00717724,0.00777291,0.02830344,9.686e-05,0.00050842,0.00271001,5.78e-06,7.25e-06,0,2.292e-05,4.354e-05,7.89e-06,0,0,0,0,0,0,0,0.00036339,0,0,0,0,0.00613964,6.022e-05,0.00214813,0.00222968,9.548e-05,0.0009916,0,4.649e-05,0,0.00267793,0.00191022,0,0.00019039,0,0,0,0,0,0,0,0,0.00021319,1.135e-05,0,0.00177452,2.892e-05,0.02028051,0,0.00406879,5.987e-05,0.00161688,0.05041118,0,0,9.64e-06,0,1.927e-05,0,0,0,2.72e-06,0,1.13e-05,0.00025981,4.644e-05,0,0,0,0,2.215e-05,0,0,0,0,0,0,0,0,0,0,1.136e-05,3.47e-06,3.05e-06,0.02735906,0,0,0,0,0.00631471,0,0.00026131,0.00019335,6.915e-05,0,0,0,0,0,0,0,0,0,0,0,0,0,0,0,0,0,0,0,0,0,0,0,0,0,0,0,0,0,0,0,0,0,0,0,0,0,0,0,0,0,0,0,0,0,0,0,0,0,0,0,0,0,0,0,0,0,0,0,0,0,0,0,0,0,0,0,0,0,0,0,0,0,0,0,0,0,0,0,0,0,0,0,0,0,0,0,0,0,0,0,0,0,0,0,0,0,0,0,0,0,0,0,0,0,0,0,0,0,0,0,0,0,0,0,0,0,0,0,0,0,0,0,0,0,0,0,0,0,0,0,0,0,0,0,0,0,0,0,0,0,0,0,0,0,0,0,0,0,0,0,0,0,0,0,0,0,0,0,0,0,0,0,0,0,0,0,0,0,0,0,0,0,0,0,0,0,0,0,0,0,0,0,0,0,0,0,0,0,0,0,0,0,0,0,0,0,0,0,0,0,0,0,0,0,0,0,0,0,0,0,0,0,0,0,0,0,0,0,0,0,0,0,0,0,0,0,0,0,0,0,0,0,0,0,0,0,0,0,0,0,0,0,0,0,0,0,0,0,0,0,0,0,0,0,0,0,0,0,0,0,0,0,0,0,0,0,0,0,0,0,0,0,0,0,0,0,0,0,0,0,0,0,0,0,0,0,0,0,0,0,0,0,0,0,0,0,0,0,0,0,0,0,0,3,Sanger,MetaHIT,danish,F,49,obese
DA.AD.3T,0.80526766,0,0,0,0,0,2.43e-06,5.8e-06,5.987e-05,2.46e-06,1.61e-06,1.85e-06,0,0,0,0,1.64e-06,0,0,0,0,0,0,3.51e-06,0,0,0,0,4.94e-06,0,0,0,0,0,5.78e-06,6.73e-06,1.12e-06,0,0,0,0,0,0,0,7e-07,4.9e-07,0,0,4.635e-05,0,0,0,1.14e-05,2.23e-06,0,2.79e-06,0,0,3.25e-06,0,0,0,0,2.08e-06,1.54e-06,0,0,4.392e-05,0,0,1.29e-06,6.3e-07,0,3.41e-06,2.714e-05,8.12e-06,0,1.91e-06,0,0,0,0,8.555e-05,9.6e-07,1.38e-06,0,0,0,0,3.95e-06,0,0.00120034,1.22e-06,9.079e-05,0,0,0,0,0,0,0,0,3.62e-06,0,0,3.82e-06,0,1.341e-05,0,0,2.582e-05,5.362e-05,3.31e-06,7.76e-05,5.87e-06,6.085e-05,0,0,0,0,0.00071491,0,0,0,6.8e-07,0,0,1.872e-05,0,3.59e-06,0,3.534e-05,5.48e-06,2.51e-05,0,0,0.00876977,1.11e-06,1.77e-06,0.00172754,0,0,0,0,0,0,0.00018451,0.00057304,0.00384809,6.13e-06,8.515e-05,0.00028698,0.00572195,0.00415587,0.01436578,0.00011944,0.00062525,0.01454849,1.013e-05,5.416e-05,1.86e-06,2.67e-06,6.67e-06,4.76e-06,2.19e-06,3.69e-06,2.734e-05,1.947e-05,1.052e-05,0,0,0.00025841,3.47e-06,0.00025004,7.753e-05,8.63e-06,0.01585131,3.343e-05,0.00435584,0.00638452,8.773e-05,0.00380596,6.12e-06,0.000888,8.71e-06,0.00410971,0.00567054,9.58e-06,0.00013493,0,2.27e-06,7.72e-06,0,4.93e-06,2.52e-06,2.79e-06,1.402e-05,0.00335586,0.00014827,3.84e-06,0.00088661,2.696e-05,0.05744886,0,0.0078311,7.778e-05,0.00207882,0.01668616,8.71e-06,0,0,0,1.5e-06,8.57e-06,0,1.28e-06,0,0,0,4.939e-05,2.047e-05,9.89e-06,0,0,0,0,5.83e-06,0,0,2.19e-06,0,1.92e-06,0,2.93e-06,0,7.62e-06,0,0,0,0.00500706,1.231e-05,3.5e-06,0,1.387e-05,0.00109049,0,4.932e-05,4.046e-05,1.677e-05,0,0,0,0,0,0,0,0,0,0,0,0,0,0,0,0,0,0,0,0,0,0,0,0,0,0,0,0,0,0,0,0,0,0,0,0,0,0,0,0,0,0,0,0,0,0,0,0,0,0,0,0,0,0,0,0,0,0,0,0,0,0,0,0,0,0,0,0,0,0,0,0,0,0,0,0,0,0,0,0,0,0,0,0,0,0,0,0,0,0,0,0,0,0,0,0,0,0,0,0,0,0,0,0,0,0,0,0,0,0,0,0,0,0,0,0,0,0,0,0,0,0,0,0,0,0,0,0,0,0,0,0,0,0,0,0,0,0,0,0,0,0,0,0,0,0,0,0,0,0,0,0,0,0,0,0,0,0,0,0,0,0,0,0,0,0,0,0,0,0,0,0,0,0,0,0,0,0,0,0,0,0,0,0,0,0,0,0,0,0,0,0,0,0,0,0,0,0,0,0,0,0,0,0,0,0,0,0,0,0,0,0,0,0,0,0,0,0,0,0,0,0,0,0,0,0,0,0,0,0,0,0,0,0,0,0,0,0,0,0,0,0,0,0,0,0,0,0,0,0,0,0,0,0,0,0,0,0,0,0,0,0,0,0,0,0,0,0,0,0,0,0,0,0,0,0,0,0,0,0,0,0,0,0,0,0,0,0,0,0,0,0,0,0,0,0,0,0,0,0,0,0,0,0,,Sanger,,,,,
DA.AD.4,0.76409898,0,0,0,8.728e-05,0,0,0,0,0,0,3.97e-06,3.945e-05,6.84e-06,0,3.322e-05,0,0,0,0,0,0,1.579e-05,0,2.583e-05,1.356e-05,2.678e-05,2.62e-05,0,0,0,0,0,0,1.294e-05,1.697e-05,0,0,1.023e-05,0,0,0,6.96e-06,0,0,0,0,0,0.00013443,9.68e-06,0,0,0,0,0,0,0,0,1.395e-05,4.796e-05,0,0,0,0,0,0,0,0.00801665,3.911e-05,0,0,0,0,0,0,0,0,1.642e-05,0,0,0,0,0.00010678,0,0,0,0,0,0,0,0,6.24e-06,0,0.00073073,0,0,0,0,0,5.99e-06,0,0,0,0,6.01e-06,0,0,0,0,0,1.849e-05,5.291e-05,0,0.00022021,0,1.584e-05,0,0,0,0,0.00064603,0,0,0,0,0,0,5.537e-05,0,0,0,6.64e-05,0,0,0,0,0,0,7.6e-06,0.00021254,0,0,0,7.36e-06,0,0,0.00031377,0.00087103,0.00369459,0,9.784e-05,0.00102241,0.00544785,0.00267676,0.03215285,0.00012719,0.00057018,0.01372323,1.157e-05,2.209e-05,0,1.147e-05,0,7.9e-06,0,0,0,1.673e-05,0,0,0,0.00038237,0,2.238e-05,2.509e-05,0,0.02409891,1.408e-05,0.01100201,0.01616933,6.008e-05,0.0042,3.285e-05,0.00083214,0,0.0062588,0.00408879,4.312e-05,9.922e-05,0,0,0,0,0,0,0,4.016e-05,0.00522006,5.057e-05,1.648e-05,0.00066067,8.687e-05,0.0161095,0,0.00330585,0.00018152,0.0604656,0.00224233,0,0,4.83e-06,0,0,0,0,0,0,0,0,3.554e-05,1.55e-05,1.134e-05,0,4.73e-06,2.003e-05,3.589e-05,1.417e-05,0,0,0,0,0,0,3.792e-05,0,7.85e-06,0,0,0,0.00471241,0,0,0,2.462e-05,0.00354644,0,7.194e-05,0.00010534,1.351e-05,0,0,0,0,0,0,0,0,0,0,0,0,0,0,0,0,0,0,0,0,0,0,0,0,0,0,0,0,0,0,0,0,0,0,0,0,0,0,0,0,0,0,0,0,0,0,0,0,0,0,0,0,0,0,0,0,0,0,0,0,0,0,0,0,0,0,0,0,0,0,0,0,0,0,0,0,0,0,0,0,0,0,0,0,0,0,0,0,0,0,0,0,0,0,0,0,0,0,0,0,0,0,0,0,0,0,0,0,0,0,0,0,0,0,0,0,0,0,0,0,0,0,0,0,0,0,0,0,0,0,0,0,0,0,0,0,0,0,0,0,0,0,0,0,0,0,0,0,0,0,0,0,0,0,0,0,0,0,0,0,0,0,0,0,0,0,0,0,0,0,0,0,0,0,0,0,0,0,0,0,0,0,0,0,0,0,0,0,0,0,0,0,0,0,0,0,0,0,0,0,0,0,0,0,0,0,0,0,0,0,0,0,0,0,0,0,0,0,0,0,0,0,0,0,0,0,0,0,0,0,0,0,0,0,0,0,0,0,0,0,0,0,0,0,0,0,0,0,0,0,0,0,0,0,0,0,0,0,0,0,0,0,0,0,0,0,0,0,0,0,0,0,0,0,0,0,0,0,0,0,0,0,0,0,0,0,0,0,0,0,0,0,0,0,0,0,0,0,0,0,0,0,0,0,2,Sanger,MetaHIT,danish,M,59,obese
ES.AD.1,0.25166833,0,0,0,4.637e-05,0,0,0,0,0,0,0,0,0,0,0,0,0,0,0,0,0,0,0,0,0,0,0,0,0,0,0,0,0,2.862e-05,2.583e-05,0,0,2.28e-06,0,0,0,0,0,0,0,0,0,2.082e-05,0,2.11e-06,0,0,0,0,0,0,0,0,9.1e-06,0,0,8.54e-06,0,0,0,0,8.171e-05,2.338e-05,0,0,0,0,1.75e-05,1.991e-05,0,0,0,0,3.66e-06,0,0,0.00242827,0,0,0,0,0,0,0,0,0.00091207,0,9.61e-06,0,0,0,0,0,0,0,0,0,0,0,0,0,2.024e-05,0,0,0,8.9e-06,0,0.00364222,0,1.156e-05,0,0,0,0,0.00149746,0,0,0,0,0,0,2.397e-05,0,0,0,0,0,0,0,0,0,0,0,0,0,0,0,0,0,0,0.00046386,0.01600193,0,0,0,0,0.01126224,0.00034208,0.03368022,7.84e-06,0.00100182,0.00054458,0,5.78e-06,0,0,0,0,0,5.729e-05,0,1e-05,2.971e-05,0,0,0.00036307,0,0.00062191,0,0,0.02858098,1.259e-05,0.00449593,0.00219302,5.223e-05,0.00322889,7.853e-05,0.00081975,0,0.00235743,0.0122716,0,2.247e-05,0,0,0,0,0,0,0,1.2e-05,0,0.00112131,0,0.00058696,0,0.54668312,0,0.01528305,0.00066745,0.00832809,0.00430455,0,0,0,0,0,0,0,0,0,0,0,0.00029618,2.965e-05,1.298e-05,0,0,0,1.569e-05,0,0,0,0,0,0,0,0,0,0,2.704e-05,0,0,0.02639258,2.723e-05,0,0,4.581e-05,0.01480358,0,0.00196994,0.0003746,0,0,0,0,0,0,0,0,0,0,0,0,0,0,0,0,0,0,0,0,0,0,0,0,0,0,0,0,0,0,0,0,0,0,0,0,0,0,0,0,0,0,0,0,0,0,0,0,0,0,0,0,0,0,0,0,0,0,0,0,0,0,0,0,0,0,0,0,0,0,0,0,0,0,0,0,0,0,0,0,0,0,0,0,0,0,0,0,0,0,0,0,0,0,0,0,0,0,0,0,0,0,0,0,0,0,0,0,0,0,0,0,0,0,0,0,0,0,0,0,0,0,0,0,0,0,0,0,0,0,0,0,0,0,0,0,0,0,0,0,0,0,0,0,0,0,0,0,0,0,0,0,0,0,0,0,0,0,0,0,0,0,0,0,0,0,0,0,0,0,0,0,0,0,0,0,0,0,0,0,0,0,0,0,0,0,0,0,0,0,0,0,0,0,0,0,0,0,0,0,0,0,0,0,0,0,0,0,0,0,0,0,0,0,0,0,0,0,0,0,0,0,0,0,0,0,0,0,0,0,0,0,0,0,0,0,0,0,0,0,0,0,0,0,0,0,0,0,0,0,0,0,0,0,0,0,0,0,0,0,0,0,0,0,0,0,0,0,0,0,0,0,0,0,0,0,0,0,0,0,0,0,0,0,0,0,0,0,0,0,0,0,0,0,0,0,0,0,0,0,0,0,0,0,0,1,Sanger,MetaHIT,spanish,F,25,CD
ES.AD.2,0.42712689,0,0,0,0,0,0,0,0,0,0,0,0,0,0,0,0,0,0,0,0,0,3.226e-05,1.54e-05,0,0,0,6.69e-06,0,0,0,9.54e-06,0,0,1.242e-05,4.96e-06,4.74e-06,0,5.86e-06,0,0,0,7.67e-06,0,0,0,0,0,3.772e-05,1.98e-06,0,0,0,0,0,1.23e-06,0,0,0,0,0,0,0,0,0,0,0,0.0027444,1.998e-05,0,0,0,0,1.533e-05,0,0,0,0,0,0,0,0,4.249e-05,0,0,0,0,0,0,0,0,4.538e-05,0,1.352e-05,0,0,0,0,0,6.07e-06,0,0,0,0,0,0,0,0,0,0,1.259e-05,7.842e-05,0,0.00116403,0,8.37e-06,0,0,0,0,0.00035696,3.21e-06,0,0,0,0,9.71e-06,3.86e-06,0,0,0,4.838e-05,0,0,0,0,0.00015304,0,0,0.00021634,3.296e-05,0,0,0,0,0,0.00023816,0.00098243,0.01625714,0,4.087e-05,1.536e-05,0.00374748,0.0026944,0.03168661,4.392e-05,0.00029164,0.00355777,0,0,0,0,0,2.69e-06,9.63e-06,0,0,0,0,0,0,0.00031783,0,0.00029721,4.893e-05,1.894e-05,0.01877146,2.176e-05,0.01172303,0.00979963,5.72e-05,0.00280669,4.027e-05,0.00066636,0,0.00464208,0.0035335,1.202e-05,0.00015685,0,0,0,0,0,0,1.209e-05,0,0.00156626,6.256e-05,0,0.00023079,9.86e-06,0.09286852,0,0.00401453,6.6e-05,0.33699481,0.00801599,0,0,0,0,0,0,0,0,0,0,0,3.635e-05,5.94e-06,7.96e-06,0,0,0,0,5.53e-06,0,0,0,0,0,0,0,0,0,0,0,0,0.01060375,0,0,0,1.015e-05,0.00067503,0,4.009e-05,4.036e-05,9.2e-06,0,0,0,0,0,0,0,0,0,0,0,0,0,0,0,0,0,0,0,0,0,0,0,0,0,0,0,0,0,0,0,0,0,0,0,0,0,0,0,0,0,0,0,0,0,0,0,0,0,0,0,0,0,0,0,0,0,0,0,0,0,0,0,0,0,0,0,0,0,0,0,0,0,0,0,0,0,0,0,0,0,0,0,0,0,0,0,0,0,0,0,0,0,0,0,0,0,0,0,0,0,0,0,0,0,0,0,0,0,0,0,0,0,0,0,0,0,0,0,0,0,0,0,0,0,0,0,0,0,0,0,0,0,0,0,0,0,0,0,0,0,0,0,0,0,0,0,0,0,0,0,0,0,0,0,0,0,0,0,0,0,0,0,0,0,0,0,0,0,0,0,0,0,0,0,0,0,0,0,0,0,0,0,0,0,0,0,0,0,0,0,0,0,0,0,0,0,0,0,0,0,0,0,0,0,0,0,0,0,0,0,0,0,0,0,0,0,0,0,0,0,0,0,0,0,0,0,0,0,0,0,0,0,0,0,0,0,0,0,0,0,0,0,0,0,0,0,0,0,0,0,0,0,0,0,0,0,0,0,0,0,0,0,0,0,0,0,0,0,0,0,0,0,0,0,0,0,0,0,0,0,0,0,0,0,0,0,0,0,0,0,0,0,0,0,0,0,0,0,0,0,0,0,0,2,Sanger,MetaHIT,spanish,M,49,healthy
ES.AD.3,0.39126977,0,0,0,0,0,0,0,0,0,0,0,0,0,0,8.98e-06,0,0,0,7.59e-06,0,0,0,0,0,0,0,2.504e-05,0,0,0,0,0,0,1.792e-05,8.04e-06,0,0,0,0,0,0,0,0,0,0,0,0,4.225e-05,6.06e-06,0,0,0,0,0,8.34e-06,0,0,0,0,0,0,0,0,6.79e-06,0,0,9.208e-05,8.498e-05,0,0,0,0,7.63e-06,0,0,0,0,0,0,0,0,0.00060557,0,0,0,0,0,0,0,0,2.784e-05,0,4.13e-05,0,0,0,0,0,0,0,0,0,0,0,0,0,0,0,0,0,0,0,0.00159819,0,8.58e-06,0,0,0,0,0.00070893,0,0,0,0,0,0,0,0,0,0,0,0,0,0,0,5.58e-06,0,0,0,0,0,0,0,0,0,0.00053819,0.01038153,7.018e-05,6.855e-05,0.00034428,3.92e-05,0.00565179,0.00187032,0.05560608,6.315e-05,0.00111811,0.00635559,0,0,0,0,0,0,0,0,0,0,0,0,0,0.00023521,0,2.084e-05,5.99e-06,0,0.02754079,1.468e-05,0.00397111,0.00398082,4.13e-05,0.00635877,6.85e-06,0.00165767,0,0.00212953,0.0114167,4.6e-06,0.00025814,0,0,0,0,0,0,0,0,1.855e-05,0.00040748,0,0.00030236,0,0.17824694,0,0.02408696,0.00020859,0.23320513,0.00802594,0,1.065e-05,0,0,6.71e-06,0,0,0,0,0,0,9.857e-05,4.257e-05,1.81e-05,0,0,0,0,3.53e-06,0,0,0,0,0,0,0,0,0,0,0,0,0.00359654,0,0,0,0,0.01624345,1.838e-05,0.00027555,0.00084318,9.39e-06,0,0,0,0,0,0,0,0,0,0,0,0,0,0,0,0,0,0,0,0,0,0,0,0,0,0,0,0,0,0,0,0,0,0,0,0,0,0,0,0,0,0,0,0,0,0,0,0,0,0,0,0,0,0,0,0,0,0,0,0,0,0,0,0,0,0,0,0,0,0,0,0,0,0,0,0,0,0,0,0,0,0,0,0,0,0,0,0,0,0,0,0,0,0,0,0,0,0,0,0,0,0,0,0,0,0,0,0,0,0,0,0,0,0,0,0,0,0,0,0,0,0,0,0,0,0,0,0,0,0,0,0,0,0,0,0,0,0,0,0,0,0,0,0,0,0,0,0,0,0,0,0,0,0,0,0,0,0,0,0,0,0,0,0,0,0,0,0,0,0,0,0,0,0,0,0,0,0,0,0,0,0,0,0,0,0,0,0,0,0,0,0,0,0,0,0,0,0,0,0,0,0,0,0,0,0,0,0,0,0,0,0,0,0,0,0,0,0,0,0,0,0,0,0,0,0,0,0,0,0,0,0,0,0,0,0,0,0,0,0,0,0,0,0,0,0,0,0,0,0,0,0,0,0,0,0,0,0,0,0,0,0,0,0,0,0,0,0,0,0,0,0,0,0,0,0,0,0,0,0,0,0,0,0,0,0,0,0,0,0,0,0,0,0,0,0,0,0,0,0,0,0,0,0,2,Sanger,MetaHIT,spanish,F,47,UC
ES.AD.4,0.54793011,0,0,0,6.032e-05,0,0,2.181e-05,0,0,0,2.07e-06,0,0,0,0,0,4.2e-06,0,7.55e-06,0,0,0,0,0,0,0,0,0,0,0,0,0,0,1.157e-05,3.65e-06,3.92e-06,0,1.98e-06,0,0,0,0,0,0,0,0,0,2.159e-05,0,1.705e-05,0,0,0,0,0,0,0,0,0,0,0,0,0,0,0,0,8.126e-05,6.082e-05,0,0,0,0,1.518e-05,0,1.809e-05,0,0,0,0,0,0,0.00090945,0,4.11e-06,5.77e-06,0,0,0,2.408e-05,0,9.076e-05,0,0.00019559,0,0,0,0,0,0,0,0,0,0,0,0,0,0.00018156,0,1.274e-05,0,0,0,0.00258593,0,8.53e-06,1.093e-05,0,0,0,0.00166102,0,0,0,0,0,0,5.409e-05,0,0,0,0,0,0,0,0,0.04946873,0,0,0,0,0,0,0,0,0,0.00031529,0.00020275,5.73e-06,0,3.185e-05,0.00061569,0.01357326,0.00644963,0.03696529,9.987e-05,0.00211454,0.00961088,9.46e-06,2.272e-05,0,0,1.098e-05,0,0,1.526e-05,0,1.734e-05,1.563e-05,0,0,0.00077637,1.547e-05,0.00020714,3.793e-05,1.602e-05,0.0346941,1.472e-05,0.01054429,0.00925633,0.00011892,0.00339743,4.54e-06,0.00180694,0,0.00424602,0.00805788,1.321e-05,0.00023604,0,0,0,0,0,0,0,0,0.0001051,0.00198459,0,0.00065185,5.003e-05,0.12396549,0,0.01301853,0.00032033,0.00394533,0.091233,0,0,0,0,0,0,8.73e-06,0,0,0,0,0.00010991,2.518e-05,1.028e-05,0,0,1.038e-05,0,0,0,0,0,0,0,0,0,0,0,0.00020171,0,0,0.01517927,1.523e-05,0,0,3.731e-05,0.00013903,0,0.00120415,0.00077813,1.245e-05,0,0,0,0,0,0,0,0,0,0,0,0,0,0,0,0,0,0,0,0,0,0,0,0,0,0,0,0,0,0,0,0,0,0,0,0,0,0,0,0,0,0,0,0,0,0,0,0,0,0,0,0,0,0,0,0,0,0,0,0,0,0,0,0,0,0,0,0,0,0,0,0,0,0,0,0,0,0,0,0,0,0,0,0,0,0,0,0,0,0,0,0,0,0,0,0,0,0,0,0,0,0,0,0,0,0,0,0,0,0,0,0,0,0,0,0,0,0,0,0,0,0,0,0,0,0,0,0,0,0,0,0,0,0,0,0,0,0,0,0,0,0,0,0,0,0,0,0,0,0,0,0,0,0,0,0,0,0,0,0,0,0,0,0,0,0,0,0,0,0,0,0,0,0,0,0,0,0,0,0,0,0,0,0,0,0,0,0,0,0,0,0,0,0,0,0,0,0,0,0,0,0,0,0,0,0,0,0,0,0,0,0,0,0,0,0,0,0,0,0,0,0,0,0,0,0,0,0,0,0,0,0,0,0,0,0,0,0,0,0,0,0,0,0,0,0,0,0,0,0,0,0,0,0,0,0,0,0,0,0,0,0,0,0,0,0,0,0,0,0,0,0,0,0,0,0,0,0,0,0,0,0,0,0,0,0,0,0,0,0,0,0,0,0,0,0,0,0,0,0,0,0,0,0,3,Sanger,MetaHIT,spanish,F,38,healthy
FR.AD.1,0.55142206,0,0,0,0,0,0,0,0,0,0,1.469e-05,0,0,0,0,0,0,0,0,0,0,0,0,0,0,0,0,0,0,0,0,0,0,0,6.07e-06,0,0,3.52e-06,0,0,0,6.92e-06,0,0,0,0,0,6.282e-05,5.35e-06,0,0,0,0,0,5.53e-06,0,0,0,0,0,0,0,0,0,0,0,0.00021852,3.605e-05,0,0,0,0,0,0,0,0,0,0,0,0,0,0.00016616,0,0,0,0,0,0,5.35e-06,0,0.00030038,9.31e-06,9.738e-05,0,2.594e-05,0,1.293e-05,0,0,1.48e-05,0,0,0,5.69e-06,0,0,0,0,0,0,0,0,0.00023384,0,0,0,0,0,0,0.00074563,5.8e-06,0,0,0,0,0,1.045e-05,0,0,0,0,0,0,7.897e-05,0,0.00861298,0,0,0.0013163,0.00044597,0,0,0,0,0,0.00061136,0.00510855,0,0,2.429e-05,0.00033259,0.00837514,0.00820862,0.08324201,7.488e-05,0.00063571,0.02153144,0,3.972e-05,0,0,1.991e-05,0,0,0,0,0,1.225e-05,0,0,0.00038638,0,8.692e-05,2.523e-05,0,0.01949263,9.82e-06,0.02353535,0.02495221,7.048e-05,0.00463214,5.652e-05,0.00190553,0,0.00397339,0.00938478,1.626e-05,0.00016461,0,0,0,0,0,0,0,0,2.951e-05,2.042e-05,0,0.00059122,3.558e-05,0.09637892,0,0.00445809,3.124e-05,0.0019181,0.04145737,0,0,0,0,0,0,0,0,0,0,0,0.00034857,1.881e-05,3.477e-05,0,0,0,1.668e-05,0,0,2.051e-05,0,0,0,0,2.32e-05,0,1.447e-05,0.00022294,0,0,0.05138744,0,2.77e-05,0,0.00013615,0.01895055,0,0.00065825,0.0022623,0.00017905,0,0,0,0,0,0,0,0,0,0,0,0,0,0,0,0,0,0,0,0,0,0,0,0,0,0,0,0,0,0,0,0,0,0,0,0,0,0,0,0,0,0,0,0,0,0,0,0,0,0,0,0,0,0,0,0,0,0,0,0,0,0,0,0,0,0,0,0,0,0,0,0,0,0,0,0,0,0,0,0,0,0,0,0,0,0,0,0,0,0,0,0,0,0,0,0,0,0,0,0,0,0,0,0,0,0,0,0,0,0,0,0,0,0,0,0,0,0,0,0,0,0,0,0,0,0,0,0,0,0,0,0,0,0,0,0,0,0,0,0,0,0,0,0,0,0,0,0,0,0,0,0,0,0,0,0,0,0,0,0,0,0,0,0,0,0,0,0,0,0,0,0,0,0,0,0,0,0,0,0,0,0,0,0,0,0,0,0,0,0,0,0,0,0,0,0,0,0,0,0,0,0,0,0,0,0,0,0,0,0,0,0,0,0,0,0,0,0,0,0,0,0,0,0,0,0,0,0,0,0,0,0,0,0,0,0,0,0,0,0,0,0,0,0,0,0,0,0,0,0,0,0,0,0,0,0,0,0,0,0,0,0,0,0,0,0,0,0,0,0,0,0,0,0,0,0,0,0,0,0,0,0,0,0,0,0,0,0,0,0,0,0,0,0,0,0,0,0,0,0,0,0,0,0,3,Sanger,MicroObes,french,M,63,healthy
FR.AD.2,0.58294733,0,0,0,0,0,0,0,0,0,0,1.593e-05,0,0,0,0,9.34e-06,0,0,0,0,0,0,0,0,0,2.285e-05,1.303e-05,0,0,0,0,0,0,1.299e-05,3.918e-05,0,0,0,0,0,0,0,0,0,4.2e-06,0,0,8.513e-05,5.817e-05,4.68e-06,0,0,0,0,0,0,0,0,1.1e-05,0,0,0,0,1.297e-05,0,0,0.00326499,0,0,0,0,0,0,3.316e-05,0,0,0,0,0,0,0,0.00028561,0,0,0,0,0,0,0,0,0.0004542,0,3.504e-05,0,0,0,0,0,0,0,0,0,0,0,0,0,0,0,2.531e-05,2.453e-05,0.0001848,0,0.0001184,0,0,0,0,0,0,0.00076973,0,0,0,0,0,0,4.252e-05,0,0,0,0.00041576,0,0,0,0,0.08688558,0,0,0.0019769,0.00080256,0,0,0,0,0,0.00031499,0.00050394,0,0,0.00151315,0,0.02307096,0.00264418,0.03775061,2.953e-05,0.00077411,0.01391232,0,0.00012461,1.591e-05,0,1.075e-05,0,0,5.033e-05,0,0,4.285e-05,0,2.359e-05,0.00034411,2.97e-05,0.00017498,9.533e-05,0,0.01345943,4.982e-05,0.00773338,0.01786918,0.00011959,0.00244301,2.615e-05,0.00157759,0,0.01392662,0.00486836,5.85e-06,9.77e-05,0,0,0,0,0,0,0,0,9.204e-05,4.328e-05,0,0.00080187,1.921e-05,0.11868019,0,0.00848581,0.0003496,0.00194143,0.01719325,0,0,0,0,0,0,0,0,0,0,0,4.691e-05,2.314e-05,0.00026998,0,0,0,0,0,0,6.644e-05,1.891e-05,0,0,0,0.00010043,0,0,0.00017562,0,0,0.02743193,1.754e-05,0,0,0,0.0016333,0,0.00021869,0.00023195,0,0,0,0,0,0,0,0,0,0,0,0,0,0,0,0,0,0,0,0,0,0,0,0,0,0,0,0,0,0,0,0,0,0,0,0,0,0,0,0,0,0,0,0,0,0,0,0,0,0,0,0,0,0,0,0,0,0,0,0,0,0,0,0,0,0,0,0,0,0,0,0,0,0,0,0,0,0,0,0,0,0,0,0,0,0,0,0,0,0,0,0,0,0,0,0,0,0,0,0,0,0,0,0,0,0,0,0,0,0,0,0,0,0,0,0,0,0,0,0,0,0,0,0,0,0,0,0,0,0,0,0,0,0,0,0,0,0,0,0,0,0,0,0,0,0,0,0,0,0,0,0,0,0,0,0,0,0,0,0,0,0,0,0,0,0,0,0,0,0,0,0,0,0,0,0,0,0,0,0,0,0,0,0,0,0,0,0,0,0,0,0,0,0,0,0,0,0,0,0,0,0,0,0,0,0,0,0,0,0,0,0,0,0,0,0,0,0,0,0,0,0,0,0,0,0,0,0,0,0,0,0,0,0,0,0,0,0,0,0,0,0,0,0,0,0,0,0,0,0,0,0,0,0,0,0,0,0,0,0,0,0,0,0,0,0,0,0,0,0,0,0,0,0,0,0,0,0,0,0,0,0,0,0,0,0,0,0,0,0,0,0,0,0,0,0,0,0,0,0,0,0,0,0,0,3,Sanger,MicroObes,french,M,61,healthy
FR.AD.3,0.43972306,0,0,0,4.266e-05,0,0,3.662e-05,0,0,0,8.8e-06,0,0,0,0,0,0,0,0,0,0,0,0,0,0,0,0,0,0,0,0,0,0,1.581e-05,7.34e-06,0,0,0,0,0,0,0,0,0,0,0,8.39e-06,5.622e-05,0,0,0,0,0,0,0,0,0,0,0,0,0,0,0,0,0,0,0.00332383,0,0,0,0,0,3.22e-05,0,0,0,0,0,0,0,0,0.00130696,0,0,0,0,0,0,0,0,0,0,3.878e-05,0,0,0,0,0,0,0,0,0,0,0,7.104e-05,0,5.142e-05,0,0,2.711e-05,3.275e-05,0,0.00098646,0,6.721e-05,0,0,0,0,0.00095365,0,0,1.11e-05,0,0,0,0,0,0,0,0,0,0,0,0,0.04399309,0,0,3.383e-05,0,0,0,0,0,0,0.00037776,0.00061524,0,0,0.00040472,0,0.00431314,0.00140032,0.03627994,0.00014607,0.00106756,0.00427214,0,4.528e-05,0,0,0,0,0,0,9.22e-06,0,5.683e-05,2.135e-05,0,0.00041389,0,0.00046409,0.00044146,0,0.02014612,0.00015415,0.00585091,0.00958342,0.00021175,0.00312663,0,0.00218874,0,0.00365069,0.00902284,2.156e-05,6.203e-05,0,0,0,0,0,0,0,0,8.997e-05,0.00035773,0,0.00113722,4.246e-05,0.33198288,0,0.01566106,0.00020931,0.00277611,0.04099822,0,0,0,0,0,0,0,0,0,0,0,0.00020809,2.557e-05,8.31e-06,0,0,0,0,2.83e-05,0,0,0,0,0,0,0,0,0,0,0,0,0.00620278,0,0,0,4.061e-05,0.00398751,0,9.494e-05,0.00095289,1.981e-05,0,0,0,0,0,0,0,0,0,0,0,0,0,0,0,0,0,0,0,0,0,0,0,0,0,0,0,0,0,0,0,0,0,0,0,0,0,0,0,0,0,0,0,0,0,0,0,0,0,0,0,0,0,0,0,0,0,0,0,0,0,0,0,0,0,0,0,0,0,0,0,0,0,0,0,0,0,0,0,0,0,0,0,0,0,0,0,0,0,0,0,0,0,0,0,0,0,0,0,0,0,0,0,0,0,0,0,0,0,0,0,0,0,0,0,0,0,0,0,0,0,0,0,0,0,0,0,0,0,0,0,0,0,0,0,0,0,0,0,0,0,0,0,0,0,0,0,0,0,0,0,0,0,0,0,0,0,0,0,0,0,0,0,0,0,0,0,0,0,0,0,0,0,0,0,0,0,0,0,0,0,0,0,0,0,0,0,0,0,0,0,0,0,0,0,0,0,0,0,0,0,0,0,0,0,0,0,0,0,0,0,0,0,0,0,0,0,0,0,0,0,0,0,0,0,0,0,0,0,0,0,0,0,0,0,0,0,0,0,0,0,0,0,0,0,0,0,0,0,0,0,0,0,0,0,0,0,0,0,0,0,0,0,0,0,0,0,0,0,0,0,0,0,0,0,0,0,0,0,0,0,0,0,0,0,0,0,0,0,0,0,0,0,0,0,0,0,0,0,0,0,0,0,0,1,Sanger,MicroObes,french,M,60,healthy
FR.AD.4,0.51493838,0,0,0,5.681e-05,0,0,4.468e-05,0,8.84e-06,0,4.508e-05,0,0,0,0,0,0,0,0,0,0,0,0,0,0,0,0,0,0,0,0,0,0,1.275e-05,9.01e-06,0,0,0,0,0,0,1.466e-05,0,0,0,0,0,4.437e-05,0,1.376e-05,0,0,0,0,0,0,0,0,0,0,0,0,0,0,0,0,5.824e-05,3.819e-05,0,0,0,0,0,0,0,0,0,0,0,0,0,0.00030653,0,2.95e-06,0,0,0,0,0,0,0.00590702,5.96e-06,0.00019907,0,0,0,0,0,1.153e-05,0,0,0,0,1.206e-05,0,0,0.0004436,2.406e-05,0,0.00016847,0.0004059,0,0.0004922,2.466e-05,1.429e-05,0,0,0,0,0.00136372,6.14e-06,0,1.314e-05,0,0,0,4.3e-05,0,0,0,0,0,0,0,0,0.0124431,0,0,0,0,0,0,0,0,0,0.00037086,0.00040484,0,0,0.00042535,0.00039637,0.00444078,0.00422087,0.04090812,0.00010436,0.00067345,0.00883805,8.91e-06,8.608e-05,0,0,3.04e-05,3.086e-05,0,0,0,6.534e-05,0,0,0,0.00076056,0,0.00076726,0.00010262,3.62e-05,0.09453568,3.12e-05,0.04415555,0.01314055,0.00018,0.01436603,0,0.00343838,0,0.0328402,0.02199719,5.168e-05,0.00026106,0,0,0,0,0,0,2.311e-05,1.307e-05,6.252e-05,0.0005656,0,0.00098253,7.539e-05,0.10582637,0,0.0099111,0.00026015,0.00190286,0.02768956,0,0,0,0,0,0,1.645e-05,0,0,0,0,0.00085006,7.57e-06,1.199e-05,0,0,0,9.13e-06,0,0,0,0,0,0,0,2.458e-05,0,1.533e-05,0,0,0,0.02373073,0,0,0,3.606e-05,0.00260428,3.441e-05,0.00015581,0.000324,2.638e-05,0,0,0,0,0,0,0,0,0,0,0,0,0,0,0,0,0,0,0,0,0,0,0,0,0,0,0,0,0,0,0,0,0,0,0,0,0,0,0,0,0,0,0,0,0,0,0,0,0,0,0,0,0,0,0,0,0,0,0,0,0,0,0,0,0,0,0,0,0,0,0,0,0,0,0,0,0,0,0,0,0,0,0,0,0,0,0,0,0,0,0,0,0,0,0,0,0,0,0,0,0,0,0,0,0,0,0,0,0,0,0,0,0,0,0,0,0,0,0,0,0,0,0,0,0,0,0,0,0,0,0,0,0,0,0,0,0,0,0,0,0,0,0,0,0,0,0,0,0,0,0,0,0,0,0,0,0,0,0,0,0,0,0,0,0,0,0,0,0,0,0,0,0,0,0,0,0,0,0,0,0,0,0,0,0,0,0,0,0,0,0,0,0,0,0,0,0,0,0,0,0,0,0,0,0,0,0,0,0,0,0,0,0,0,0,0,0,0,0,0,0,0,0,0,0,0,0,0,0,0,0,0,0,0,0,0,0,0,0,0,0,0,0,0,0,0,0,0,0,0,0,0,0,0,0,0,0,0,0,0,0,0,0,0,0,0,0,0,0,0,0,0,0,0,0,0,0,0,0,0,0,0,0,0,0,0,0,0,0,0,0,0,0,0,0,0,0,0,0,0,0,0,0,0,3,Sanger,MicroObes,french,M,60,healthy
FR.AD.5,0.53477659,0,0,0,3.315e-05,0,0,0,0,0,0,0,0,0,0,0,0,0,0,0,0,0,0,0,0,0,0,0,0,0,0,0,0,0,0,0,0,0,0,0,0,0,0,0,0,0,0,0,9.708e-05,0,0,0,0,0,0,0,0,0,0,0,0,0,0,0,0,0,0,0.00598123,8.356e-05,0,6.94e-06,0,0,0,0,0,0,0,0,0,0,0,0.00012083,0,0,0,0,0,0,0,0,6.469e-05,0,2.261e-05,0,0,0,0,0,0,0,0,0,2.306e-05,0,0,0,0,0,0,0,0,0,3.012e-05,0,9.52e-06,0,0,0,0,0.00048883,0,0,2.88e-06,0,0,0,3.651e-05,0,0,0,0,4.021e-05,0.00018426,0,0,0,0,0,0.0124125,0,0,0,0,0,0,0.00035045,0.00034521,1.891e-05,0,0,2.57e-05,0.00348362,0.00327884,0.04375268,9.601e-05,0.00060033,0.00468216,1.647e-05,0.00010577,0,0,0,1.35e-05,0,0.00025748,0,0,0,0,0,0.00043191,0,3.278e-05,5.083e-05,3.168e-05,0.05400805,4.551e-05,0.0087095,0.02959587,0.00011483,0.00649314,4.491e-05,0.00808206,0,0.00908899,0.01172887,2.68e-05,0.00014013,0,0,0,0,0,0,0,0,7.903e-05,0.00037406,0,0.00068856,4.949e-05,0.04453432,0,0.00573934,1.086e-05,0.07170562,0.00655912,0,0,0,0,0,0,0,0,0,0,0,4.007e-05,6.62e-06,1.857e-05,0,0,0,3.738e-05,1.808e-05,0,0,0,0,1.34e-05,0,0,0,2.684e-05,1.963e-05,0,0,0.11384989,0,0,0,0,0.01554794,3.012e-05,0.00018779,0.00038035,1.539e-05,0,0,0,0,0,0,0,0,0,0,0,0,0,0,0,0,0,0,0,0,0,0,0,0,0,0,0,0,0,0,0,0,0,0,0,0,0,0,0,0,0,0,0,0,0,0,0,0,0,0,0,0,0,0,0,0,0,0,0,0,0,0,0,0,0,0,0,0,0,0,0,0,0,0,0,0,0,0,0,0,0,0,0,0,0,0,0,0,0,0,0,0,0,0,0,0,0,0,0,0,0,0,0,0,0,0,0,0,0,0,0,0,0,0,0,0,0,0,0,0,0,0,0,0,0,0,0,0,0,0,0,0,0,0,0,0,0,0,0,0,0,0,0,0,0,0,0,0,0,0,0,0,0,0,0,0,0,0,0,0,0,0,0,0,0,0,0,0,0,0,0,0,0,0,0,0,0,0,0,0,0,0,0,0,0,0,0,0,0,0,0,0,0,0,0,0,0,0,0,0,0,0,0,0,0,0,0,0,0,0,0,0,0,0,0,0,0,0,0,0,0,0,0,0,0,0,0,0,0,0,0,0,0,0,0,0,0,0,0,0,0,0,0,0,0,0,0,0,0,0,0,0,0,0,0,0,0,0,0,0,0,0,0,0,0,0,0,0,0,0,0,0,0,0,0,0,0,0,0,0,0,0,0,0,0,0,0,0,0,0,0,0,0,0,0,0,0,0,0,0,0,0,0,0,3,Sanger,MicroObes,french,M,64,obese
FR.AD.6,0.52810766,0,0,0,3.614e-05,0,0,1.551e-05,0,0,0,0,0,0,0,0,0,0,0,0,0,0,0,0,0,2.526e-05,0,0,0,0,0,0,0,0,0,1.049e-05,0,0,3.56e-06,0,0,0,0,0,0,0,0,0,7.407e-05,0,0,0,0,0,0,0,0,0,2.599e-05,0,0,4.854e-05,0,0,0,2.166e-05,0,0.00270433,0,0,1.034e-05,0,0,0.00010944,5.458e-05,0,0,0,0,3.295e-05,0,0,0.01858714,0,1.593e-05,0.00026683,1.702e-05,0,6.783e-05,3.34e-05,0,0.00040554,6.153e-05,0.01057079,0,3.671e-05,2.916e-05,1.307e-05,0,4.505e-05,0.00010965,0,0.00020288,0,4.909e-05,0,0,0.00017187,0,0,0,5.743e-05,0,0.01456284,0,1.325e-05,0,0,0,4.6e-06,0.00148877,0,0,0,0,0,0,6.336e-05,0,0,2.073e-05,0,0,0,0,0,0,0,0,0.00831859,0,0,0,0,0,0,0.00051277,0.00249773,0,0,0.00123519,0.0007283,0.00559502,0.00414118,0.02998425,6.846e-05,0.0008995,0.0020204,3.59e-06,0.00019342,0,0,1.43e-05,0,0,2.954e-05,0,0,4.057e-05,0,0,0.00057528,0,0.00077131,0.00011915,0,0.04609564,7.926e-05,0.01641087,0.05707284,0.00012212,0.01307699,0,0.00171943,2.325e-05,0.03018437,0.01060614,1.643e-05,9.145e-05,0,0,0,0,0,0,0,0,0.00417504,0.00017179,0,0.00059078,3.596e-05,0.03612382,0,0.00778956,0.00010655,0.09224028,0.00965015,0,0,0,0,0,0,0,0,2.03e-05,0,2.107e-05,0.00056125,0,9.813e-05,0,0,0,2.501e-05,0,0,0,0,0,0,0,0.000146,0,0,0,0,0,0.00858179,1.642e-05,5.599e-05,0.00016192,3.266e-05,0.02723139,0,0.0003168,0.00026495,0.00016007,0,0,0,0,0,0,0,0,0,0,0,0,0,0,0,0,0,0,0,0,0,0,0,0,0,0,0,0,0,0,0,0,0,0,0,0,0,0,0,0,0,0,0,0,0,0,0,0,0,0,0,0,0,0,0,0,0,0,0,0,0,0,0,0,0,0,0,0,0,0,0,0,0,0,0,0,0,0,0,0,0,0,0,0,0,0,0,0,0,0,0,0,0,0,0,0,0,0,0,0,0,0,0,0,0,0,0,0,0,0,0,0,0,0,0,0,0,0,0,0,0,0,0,0,0,0,0,0,0,0,0,0,0,0,0,0,0,0,0,0,0,0,0,0,0,0,0,0,0,0,0,0,0,0,0,0,0,0,0,0,0,0,0,0,0,0,0,0,0,0,0,0,0,0,0,0,0,0,0,0,0,0,0,0,0,0,0,0,0,0,0,0,0,0,0,0,0,0,0,0,0,0,0,0,0,0,0,0,0,0,0,0,0,0,0,0,0,0,0,0,0,0,0,0,0,0,0,0,0,0,0,0,0,0,0,0,0,0,0,0,0,0,0,0,0,0,0,0,0,0,0,0,0,0,0,0,0,0,0,0,0,0,0,0,0,0,0,0,0,0,0,0,0,0,0,0,0,0,0,0,0,0,0,0,0,0,0,0,0,0,0,0,0,0,0,0,0,0,0,0,0,0,0,0,2,Sanger,MicroObes,french,M,63,obese
FR.AD.7,0.47944266,0,0,0,0,0,0,0,0,0,0,7.72e-06,0,0,0,0,0,0,0,0,0,0,0,0,0,0,0,0,0,0,0,0,0,0,1.679e-05,2.886e-05,0,0,0,0,0,0,0,0,0,0,0,0,3.314e-05,0,0,0,0,0,0,0,0,0,0,2.961e-05,0,0,0,0,0,0,0,0.00018837,0.00013313,0,0,0,0,0,2.702e-05,0,0,0,0,0,0,0,0.00037467,0,0,0,0,0,0,0,0,0.00029503,0,0.00016387,0,0,0,0,0,0,0,0,0,0,0,0,0,4.688e-05,0,0,0,0,0,0.00124293,0,0,0,0,0,0,0.00127081,0,0,0,0,0,0,0,0,0,4.328e-05,0,0,0,0,0,0.01135816,0,0,0.00019103,0.00012548,1.875e-05,1.855e-05,0,0,0,0.000447,0.00018779,1.076e-05,0,7.767e-05,0.03442013,0.00796792,0.00546116,0.05560018,7.053e-05,0.00052295,0.04261553,0,8.094e-05,0,0,0,0,0,0,0,3.254e-05,0,0,0,0.00098811,2.902e-05,0.00062958,8.87e-06,0,0.04903577,7.25e-05,0.02092949,0.04294726,0.00013546,0.01681682,7.241e-05,0.02073279,1.213e-05,0.00851607,0.03359739,7.244e-05,0.00085259,0,0,0,0,0,0,0,0,0.00017297,0.00055446,0,0.00058247,0,0.09317979,0,0.01443772,0.00034532,0.00170561,0.04890117,0,0,0,0,0,0,0,0,0,0,0,0.00022955,1.771e-05,2.113e-05,0,0,0,0,0,0,0,0,0,0,0,2.453e-05,0,0,4.332e-05,0,0,0.00037547,0,0,0,3.591e-05,0.00028904,1.714e-05,0.00079504,0.00025356,1.752e-05,0,0,0,0,0,0,0,0,0,0,0,0,0,0,0,0,0,0,0,0,0,0,0,0,0,0,0,0,0,0,0,0,0,0,0,0,0,0,0,0,0,0,0,0,0,0,0,0,0,0,0,0,0,0,0,0,0,0,0,0,0,0,0,0,0,0,0,0,0,0,0,0,0,0,0,0,0,0,0,0,0,0,0,0,0,0,0,0,0,0,0,0,0,0,0,0,0,0,0,0,0,0,0,0,0,0,0,0,0,0,0,0,0,0,0,0,0,0,0,0,0,0,0,0,0,0,0,0,0,0,0,0,0,0,0,0,0,0,0,0,0,0,0,0,0,0,0,0,0,0,0,0,0,0,0,0,0,0,0,0,0,0,0,0,0,0,0,0,0,0,0,0,0,0,0,0,0,0,0,0,0,0,0,0,0,0,0,0,0,0,0,0,0,0,0,0,0,0,0,0,0,0,0,0,0,0,0,0,0,0,0,0,0,0,0,0,0,0,0,0,0,0,0,0,0,0,0,0,0,0,0,0,0,0,0,0,0,0,0,0,0,0,0,0,0,0,0,0,0,0,0,0,0,0,0,0,0,0,0,0,0,0,0,0,0,0,0,0,0,0,0,0,0,0,0,0,0,0,0,0,0,0,0,0,0,0,0,0,0,0,0,0,0,0,0,0,0,0,0,0,0,0,0,0,3,Sanger,MicroObes,french,M,62,obese
FR.AD.8,0.4619468,0,0,0,3.769e-05,0,0,0,0,0,0,0,0,0,0,0,0,0,0,0,0,0,0,0,0,0,1.115e-05,0,7.242e-05,0,0,0,0,0,0,1.077e-05,0,0,0,0,0,0,0,0,0,0,0,0,5.52e-06,0,0,0,0,0,0,0,0,0,0,0,0,1.841e-05,0,0,0,0,0,0.00476842,5.7e-05,0,0,0,0,2.845e-05,0,3.391e-05,0,0,0,1.286e-05,0,3.255e-05,0.00040599,0,0,0,0,0,0,0,0,0.0015657,3.27e-06,0.00014537,0,0,0,0,0,7.7e-06,0,0,0,0,0,4.442e-05,1.399e-05,0.00078469,0,0,0,0,0,0.00131552,0,0,0,0,0,0,0.00129239,0,0,0,0,0,0,6.481e-05,0,0,0,0,0,0,0,0,0.0213806,0,0,0,0,0,0,0,0,0,0.00050806,0.0004475,0,0,0,0,0.00661938,0.00368108,0.02866554,0.00019623,0.00070485,0.05352079,1.773e-05,3.726e-05,1.553e-05,0,9.67e-06,1.219e-05,0,0,3.26e-05,0,0,0,0,0.00049797,0,0.00016772,3.333e-05,5.403e-05,0.05224675,8.278e-05,0.01463438,0.04097388,5.838e-05,0.01837458,0,0.00853429,0,0.00601667,0.02745573,0,0.00017859,0,0,0,0,0,0,0,0,0.0001175,0.00138126,0,0.00115722,3.751e-05,0.15183519,0,0.01844073,0.00010425,0.00115125,0.01989851,0,9.92e-06,0,0,0,0,0,0,0,0,0,4.591e-05,4.517e-05,2.938e-05,0,0,0,0,0,0,0,0,0,0,0,0,0,0,0,0,0,0.00348637,1.141e-05,0,0,1.286e-05,0.04264861,3.424e-05,0.0004092,0.00127934,2.625e-05,0,0,0,0,0,0,0,0,0,0,0,0,0,0,0,0,0,0,0,0,0,0,0,0,0,0,0,0,0,0,0,0,0,0,0,0,0,0,0,0,0,0,0,0,0,0,0,0,0,0,0,0,0,0,0,0,0,0,0,0,0,0,0,0,0,0,0,0,0,0,0,0,0,0,0,0,0,0,0,0,0,0,0,0,0,0,0,0,0,0,0,0,0,0,0,0,0,0,0,0,0,0,0,0,0,0,0,0,0,0,0,0,0,0,0,0,0,0,0,0,0,0,0,0,0,0,0,0,0,0,0,0,0,0,0,0,0,0,0,0,0,0,0,0,0,0,0,0,0,0,0,0,0,0,0,0,0,0,0,0,0,0,0,0,0,0,0,0,0,0,0,0,0,0,0,0,0,0,0,0,0,0,0,0,0,0,0,0,0,0,0,0,0,0,0,0,0,0,0,0,0,0,0,0,0,0,0,0,0,0,0,0,0,0,0,0,0,0,0,0,0,0,0,0,0,0,0,0,0,0,0,0,0,0,0,0,0,0,0,0,0,0,0,0,0,0,0,0,0,0,0,0,0,0,0,0,0,0,0,0,0,0,0,0,0,0,0,0,0,0,0,0,0,0,0,0,0,0,0,0,0,0,0,0,0,0,0,0,0,0,0,0,0,0,0,0,0,0,0,0,0,0,0,0,3,Sanger,MicroObes,french,M,60,obese
IT.AD.1,0.42361617,0,0,0,0.00113611,0,0,0,0,0,0,0,0,0,0,0,0,0,0,0,0,0,0,0,0,0,0,0,1.054e-05,0,0,0,0,0,0,0,0,0,0,0,0,0,0,0,0,0,0,0,0.00011674,0,0,0,0,0,0,0,0,0,0,0,0,0,0,0,0,0,0,0.01611312,0.00010049,0,0,0,0,0,0,0,0,0,0,0,0,0,0.00113673,0,4.977e-05,2.286e-05,0,0,0,5.51e-06,0,0.01652006,8.06e-06,4.602e-05,0,0,0,0,0,2.355e-05,0,0,0,0,0,0,0,2.403e-05,0,0,0,1.02e-05,0,0.00064815,0,2.469e-05,0,0,0,0,0.00448154,0,0,4.61e-05,0,0,0,3.495e-05,0,1.585e-05,0.00448212,0,0,0,0,0,0.01073193,0,0,0,0,0,0,0,0,0,0.00168515,0.00164094,0,0,0,0,0.01516274,0.00362128,0.0389759,3.177e-05,0.00338248,0.06710775,0,4.26e-05,0,0,0,0,0,0,0,0,0,0,0,0.00081124,3.067e-05,8.049e-05,2.363e-05,0,0.02660915,2.189e-05,0.00295136,0.00636065,1.684e-05,0.00332603,6.75e-06,0.0004792,0,0.00904237,0.00803528,0,0.00021466,0,0,0,0,0,0,2.432e-05,0,0,0.00010464,0,0.0008305,0,0.17290091,0,0.02448562,7.318e-05,0.003607,0.03855485,0,0,0,0,0,0,0,0,0,0,0.00013947,0.00034845,0,9.583e-05,0,0,0,2.759e-05,0,0,0,0,0,0,7.81e-06,5.196e-05,1.565e-05,0,1.947e-05,0,0,0.06116476,0,6.177e-05,0,0,4.734e-05,0,0.02792088,0.00036807,8.385e-05,0,0,0,0,0,0,0,0,0,0,0,0,0,0,0,0,0,0,0,0,0,0,0,0,0,0,0,0,0,0,0,0,0,0,0,0,0,0,0,0,0,0,0,0,0,0,0,0,0,0,0,0,0,0,0,0,0,0,0,0,0,0,0,0,0,0,0,0,0,0,0,0,0,0,0,0,0,0,0,0,0,0,0,0,0,0,0,0,0,0,0,0,0,0,0,0,0,0,0,0,0,0,0,0,0,0,0,0,0,0,0,0,0,0,0,0,0,0,0,0,0,0,0,0,0,0,0,0,0,0,0,0,0,0,0,0,0,0,0,0,0,0,0,0,0,0,0,0,0,0,0,0,0,0,0,0,0,0,0,0,0,0,0,0,0,0,0,0,0,0,0,0,0,0,0,0,0,0,0,0,0,0,0,0,0,0,0,0,0,0,0,0,0,0,0,0,0,0,0,0,0,0,0,0,0,0,0,0,0,0,0,0,0,0,0,0,0,0,0,0,0,0,0,0,0,0,0,0,0,0,0,0,0,0,0,0,0,0,0,0,0,0,0,0,0,0,0,0,0,0,0,0,0,0,0,0,0,0,0,0,0,0,0,0,0,0,0,0,0,0,0,0,0,0,0,0,0,0,0,0,0,0,0,0,0,0,0,0,0,0,0,0,0,0,0,0,0,0,0,0,0,0,0,0,3,Sanger,MicroAge,italian,F,85,elderly
IT.AD.2,0.4887351,0,0,0,0,0,2.023e-05,0,0,9.56e-06,0,0,0,0,0,0,0,0,0,0,0,0,0,0,0,0,0,0,7.22e-06,0,0,0,0,0,0,8.8e-06,0,0,8.07e-06,0,0,0,0,0,0,0,1.082e-05,0,9.197e-05,0,0,0,0,0,0,0,0,0,0,0,0,0,9.201e-05,0,0,0.00026334,0,4.2e-05,0,0,0,0,0,0,0,2.543e-05,0,0,0,7.534e-05,0,0,7.629e-05,0.00028847,0.00030093,0.00050493,0.00015045,2.499e-05,7.205e-05,0.00123648,7.75e-06,0.03500444,0.16508034,0.00122088,0,0,0,0,0,0.00021507,0,0,0,0,0.0003246,0,0,0,0,0,0,3.839e-05,0,0.00010587,0,8.996e-05,0,0,0,5.104e-05,0.00094325,0,0,0,0,0,0,4.788e-05,0,0,0,0,0,0,0,0,0.01896788,0,0,0.00103107,0,0,0,0,0,0,0.00015753,0.00012997,0,0,0,0.01168568,0.0090032,0.00520344,0.04573154,6.919e-05,0.00091583,0.0101686,2.443e-05,0,0,0,0,0,0,0,0,3.533e-05,0,0,0,0.0001704,0,2.701e-05,0,1.958e-05,0.00587281,1.125e-05,0.00306031,0.00461188,4.326e-05,0.00164578,8.325e-05,0.00022884,3.953e-05,0.00339275,0.00279534,0,7.941e-05,0,0,2.335e-05,0,0,0,2.534e-05,0,2.254e-05,4.752e-05,0,0.00080112,4.077e-05,0.01797328,0,0.00186866,6.04e-05,0.00155363,0.03994006,4.51e-06,0,0,0,0,0,0,0,0,0,0,0.00073681,0,2.47e-05,0,0,0,0,4.559e-05,0,0,0,0,0,0,2.542e-05,0,0,0,0,0,0.09065599,0,9.521e-05,0,3.9e-05,0.01821623,0,0.00442005,0.00296742,3.338e-05,0,0,0,0,0,0,0,0,0,0,0,0,0,0,0,0,0,0,0,0,0,0,0,0,0,0,0,0,0,0,0,0,0,0,0,0,0,0,0,0,0,0,0,0,0,0,0,0,0,0,0,0,0,0,0,0,0,0,0,0,0,0,0,0,0,0,0,0,0,0,0,0,0,0,0,0,0,0,0,0,0,0,0,0,0,0,0,0,0,0,0,0,0,0,0,0,0,0,0,0,0,0,0,0,0,0,0,0,0,0,0,0,0,0,0,0,0,0,0,0,0,0,0,0,0,0,0,0,0,0,0,0,0,0,0,0,0,0,0,0,0,0,0,0,0,0,0,0,0,0,0,0,0,0,0,0,0,0,0,0,0,0,0,0,0,0,0,0,0,0,0,0,0,0,0,0,0,0,0,0,0,0,0,0,0,0,0,0,0,0,0,0,0,0,0,0,0,0,0,0,0,0,0,0,0,0,0,0,0,0,0,0,0,0,0,0,0,0,0,0,0,0,0,0,0,0,0,0,0,0,0,0,0,0,0,0,0,0,0,0,0,0,0,0,0,0,0,0,0,0,0,0,0,0,0,0,0,0,0,0,0,0,0,0,0,0,0,0,0,0,0,0,0,0,0,0,0,0,0,0,0,0,0,0,0,0,0,0,0,0,0,0,0,0,0,0,0,0,0,0,0,0,0,0,3,Sanger,MicroAge,italian,M,87,elderly
IT.AD.3,0.44199058,0,0,0,3.959e-05,0,0,0,3.5e-05,0,0,0,0,0,0,0,0,0,0,0,0,0,0,0,0,0,0,0,0,0,0,0,0,0,0,1.155e-05,0,0,0,0,0,0,7.66e-06,0,0,0,0,0,4.251e-05,0,0,0,0,0,0,0,0,0,0,0,0,0,0,0,0,0,0,3.095e-05,0,0,0,0,0,5.976e-05,0,0,4.09e-06,0,0,0,0,0,8.879e-05,0,0.00024722,0.00016392,1.993e-05,2.415e-05,1.526e-05,0.00038427,1.019e-05,0.00287044,0.00457223,2.695e-05,6.2e-06,5.74e-06,0,0,0,0.00010504,0,0,0,0,0,0,0,0,0,0,0,0,0,0.00044381,0,6.46e-05,0,0,0,0,0.00105017,0,0,0,0,0,0,1.157e-05,0,0,1.136e-05,1.943e-05,0,0,0,0,0.0055037,0,0,0,0,0,0,0,0,0,0.00026123,0.00039793,0,0,0.00012231,0.01262322,0.0042629,0.00650212,0.07412765,0.00018195,0.0005566,0.01775003,0,2.284e-05,0,0,1.059e-05,0,0,0,0,0,1.027e-05,0,0,0.00029391,0,5.057e-05,2.793e-05,0,0.03545559,9.239e-05,0.01667608,0.01137918,0.00020765,0.0078351,0,0.00439572,2.547e-05,0.00468589,0.00995539,0,0.00023876,0,0,0,0,0,0,2.462e-05,0,3.993e-05,0.0004938,0,0.00072984,0,0.15709261,0,0.01360481,4.633e-05,0.00183685,0.07203981,0,0,0,0,0,0,0,0,0,0,0,0.00012114,0,4.532e-05,0,0,0,0.00013516,0,0,0,0,0,0,0,2.576e-05,0,0,0,0,0,0.05729599,0,0,0,0,0.02912533,3.596e-05,0.00082497,0.0004381,2.776e-05,0,0,0,0,0,0,0,0,0,0,0,0,0,0,0,0,0,0,0,0,0,0,0,0,0,0,0,0,0,0,0,0,0,0,0,0,0,0,0,0,0,0,0,0,0,0,0,0,0,0,0,0,0,0,0,0,0,0,0,0,0,0,0,0,0,0,0,0,0,0,0,0,0,0,0,0,0,0,0,0,0,0,0,0,0,0,0,0,0,0,0,0,0,0,0,0,0,0,0,0,0,0,0,0,0,0,0,0,0,0,0,0,0,0,0,0,0,0,0,0,0,0,0,0,0,0,0,0,0,0,0,0,0,0,0,0,0,0,0,0,0,0,0,0,0,0,0,0,0,0,0,0,0,0,0,0,0,0,0,0,0,0,0,0,0,0,0,0,0,0,0,0,0,0,0,0,0,0,0,0,0,0,0,0,0,0,0,0,0,0,0,0,0,0,0,0,0,0,0,0,0,0,0,0,0,0,0,0,0,0,0,0,0,0,0,0,0,0,0,0,0,0,0,0,0,0,0,0,0,0,0,0,0,0,0,0,0,0,0,0,0,0,0,0,0,0,0,0,0,0,0,0,0,0,0,0,0,0,0,0,0,0,0,0,0,0,0,0,0,0,0,0,0,0,0,0,0,0,0,0,0,0,0,0,0,0,0,0,0,0,0,0,0,0,0,0,0,0,0,0,0,0,0,0,3,Sanger,MicroAge,italian,F,77,elderly
IT.AD.4,0.3581634,0,0,0,0,0,0,4.409e-05,0,0,0,0,0,0,0,0,0,0,0,0,0,0,0,0,0,0,0,0,0,0,0,0,0,0,0,0,0,0,0,0,0,0,0,0,0,0,0,0,1.102e-05,0,0,0,0,0,0,0,2.297e-05,0,0,0,0,0,0,0,0,0,0,0.00028364,0,0,1.076e-05,0,0,8.518e-05,0,0,0,0,0,0,0,0,5.253e-05,0,0,0,0,0,0,1.04e-05,0,0.00030524,0,0.00699451,0,0,0,0,0,0,0,0,0,0,0,0,0,0,0,3.893e-05,4.898e-05,0.00050136,0,0.04185805,9.77e-06,0,0,0,0,0,0.00019138,0,0,0,0,0,0,0,0,0,0.00030211,0,0,0,0,0,0,0,0,0.00056856,9.384e-05,0,0,0,0,0,4.804e-05,0.00246835,0,2.552e-05,0.00280284,0.00107894,0.00039333,0.00324237,0.03016645,1.439e-05,0.00012634,0.00308346,0,0.00213229,0,0,0,0,0,0,0,3.245e-05,1.461e-05,0,0,0.00019077,7.235e-05,0.00021081,2.654e-05,0,0.01148608,4.085e-05,0.00618638,0.02341555,3.973e-05,0.00823965,0,0.00193409,0,0.00207034,0.00899332,0,7.697e-05,0,0,0,0,0,0,0,3.895e-05,3.104e-05,0.00028733,0,0.00015229,0,0.03165512,0,0.00402671,0.00013599,0.35450804,0.00115815,0,0,0,0,0,0,0,0,0.00015284,0,0,0.00176636,0,2.497e-05,0,0,0,0,0,0,0,0,0,0,0,0.00014696,0,0,1.384e-05,0,0,0.03761135,1.709e-05,0,6.129e-05,3.581e-05,0.04899352,6.835e-05,0.00034501,0.00047758,8.186e-05,0,0,0,0,0,0,0,0,0,0,0,0,0,0,0,0,0,0,0,0,0,0,0,0,0,0,0,0,0,0,0,0,0,0,0,0,0,0,0,0,0,0,0,0,0,0,0,0,0,0,0,0,0,0,0,0,0,0,0,0,0,0,0,0,0,0,0,0,0,0,0,0,0,0,0,0,0,0,0,0,0,0,0,0,0,0,0,0,0,0,0,0,0,0,0,0,0,0,0,0,0,0,0,0,0,0,0,0,0,0,0,0,0,0,0,0,0,0,0,0,0,0,0,0,0,0,0,0,0,0,0,0,0,0,0,0,0,0,0,0,0,0,0,0,0,0,0,0,0,0,0,0,0,0,0,0,0,0,0,0,0,0,0,0,0,0,0,0,0,0,0,0,0,0,0,0,0,0,0,0,0,0,0,0,0,0,0,0,0,0,0,0,0,0,0,0,0,0,0,0,0,0,0,0,0,0,0,0,0,0,0,0,0,0,0,0,0,0,0,0,0,0,0,0,0,0,0,0,0,0,0,0,0,0,0,0,0,0,0,0,0,0,0,0,0,0,0,0,0,0,0,0,0,0,0,0,0,0,0,0,0,0,0,0,0,0,0,0,0,0,0,0,0,0,0,0,0,0,0,0,0,0,0,0,0,0,0,0,0,0,0,0,0,0,0,0,0,0,0,0,0,0,0,0,2,Sanger,MicroAge,italian,M,80,elderly
IT.AD.5,0.62080827,0,0,0,0,0,0,0,0,0,0,0,0,0,0,0,0,0,0,0,0,0,0,0,0,0,0,0,0,0,0,0,0,0,1.036e-05,0,0,0,0,0,0,0,0,0,0,0,0,0,2.183e-05,0,0,0,0,0,0.00012616,0,0,0,0,0,0,0,0.00017774,0,0,0,1.555e-05,0.00018181,0,0,0,0,0,0.00014068,0,0,0,0,0,0,2.073e-05,0,0.00165846,0,3.81e-06,2.67e-06,3.14e-06,0,0,2.577e-05,0,0.0203329,1.653e-05,0.00066765,0,1.442e-05,0,0,0,3.878e-05,0,0,0,0,9.94e-06,0,0,0,0,4.894e-05,0,2.862e-05,0,0.00098054,0,0.00011351,0,0,0,0,0.00128197,3.02e-06,0,8.62e-06,0,0,0,1.089e-05,0,0,0.00083039,0,0,0,0,0,0.03012273,0,0,0.01651201,0.00117789,0,0,0,9.38e-06,0,0.0004713,0.00033594,0,0,0.00023044,0.01610915,0.00969287,0.00462379,0.01881446,0.00037358,0.00083951,0.04170391,6.842e-05,0.00013273,1.024e-05,4.41e-05,0,0,1.811e-05,2.828e-05,0,3.215e-05,0,0,0,0.00037391,0,0.00011366,0.00024985,3.563e-05,0.01732815,4.071e-05,0.00362649,0.00639642,5.249e-05,0.00283103,0,0.00146411,2.398e-05,0.00366797,0.01023848,0,0.0003332,0,0,0,2.573e-05,0,0,2.305e-05,0,0.00280965,0.00110355,0,0.00166112,0.00013603,0.0658165,0,0.00664902,6.921e-05,0.00653855,0.01138535,0,0,0,0,0,0,0,0,0,0,2.174e-05,0.00115388,2.234e-05,5.45e-06,0,0,0,8.41e-06,6.5e-06,0,0,1.204e-05,0,1.506e-05,0,9.695e-05,0,0,2.182e-05,0,0,0.04251448,0,0,3.037e-05,3.549e-05,0.02224194,0,0.00084463,0.0009566,8.383e-05,0,0,0,0,0,0,0,0,0,0,0,0,0,0,0,0,0,0,0,0,0,0,0,0,0,0,0,0,0,0,0,0,0,0,0,0,0,0,0,0,0,0,0,0,0,0,0,0,0,0,0,0,0,0,0,0,0,0,0,0,0,0,0,0,0,0,0,0,0,0,0,0,0,0,0,0,0,0,0,0,0,0,0,0,0,0,0,0,0,0,0,0,0,0,0,0,0,0,0,0,0,0,0,0,0,0,0,0,0,0,0,0,0,0,0,0,0,0,0,0,0,0,0,0,0,0,0,0,0,0,0,0,0,0,0,0,0,0,0,0,0,0,0,0,0,0,0,0,0,0,0,0,0,0,0,0,0,0,0,0,0,0,0,0,0,0,0,0,0,0,0,0,0,0,0,0,0,0,0,0,0,0,0,0,0,0,0,0,0,0,0,0,0,0,0,0,0,0,0,0,0,0,0,0,0,0,0,0,0,0,0,0,0,0,0,0,0,0,0,0,0,0,0,0,0,0,0,0,0,0,0,0,0,0,0,0,0,0,0,0,0,0,0,0,0,0,0,0,0,0,0,0,0,0,0,0,0,0,0,0,0,0,0,0,0,0,0,0,0,0,0,0,0,0,0,0,0,0,0,0,0,0,0,0,0,0,0,0,0,0,0,0,0,0,0,0,0,0,0,0,0,0,0,0,3,Sanger,MicroAge,italian,M,70,elderly
IT.AD.6,0.55810012,0,0,0,0.00011117,0,0,0,0,0,0,1.068e-05,0,0,0,0,0,0,0,0,0,0,0,0,0,0,0,0,0,0,0,0,0,0,1.237e-05,6.63e-06,0,0,0,0,0,0,0,0,0,0,0,0,0.0001598,0,0,0,0,0,0,0,0,0,0,4.259e-05,2.257e-05,0,0,0,0,0,0,0.00435918,0,0,0,0,0,0,0,0,0,0,0,0,0,0,7.738e-05,0,0,0,0,0,0,1.025e-05,0,0.00139779,9.96e-06,0.00021884,0,0,0,0,0,2.23e-06,0,0,0,0,0,0,0,0,0,0,9.418e-05,0.00040344,0,0.00088458,2.412e-05,1.819e-05,0,0,0,2.563e-05,0.00045894,0,0,0,0,0,0,4.332e-05,0,0,0,0,0,0,0,0,0.00312771,0,0,0.00550407,0.00052384,0,0,0,0,0,0.00044958,0.00138355,0.00918584,0,0.00191869,0,0.00428798,0.00646474,0.05999208,3.468e-05,0.0004429,0.00483945,0,0.00023009,0,0,1.032e-05,0,0,0,0,0,0,0,0,0.00032932,0,0.00062451,8.71e-06,0,0.02638349,4.069e-05,0.01386197,0.00559451,4.696e-05,0.00417255,0,0.00049417,0,0.0037717,0.00909973,9.36e-06,0.00018158,0,0,2.112e-05,0,0,0,3.82e-05,0,9.174e-05,1.529e-05,0,0.0005989,2.766e-05,0.03124568,0,0.00209524,0.00026491,0.08196811,0.02187094,0,0,0,0,0,0,8.05e-06,0,0,0,0,0.00053176,4.441e-05,1.804e-05,0,0,0,8.36e-06,0,0,0,0,1.955e-05,0,0,4.82e-05,0,0,2.15e-05,0,0,0.05768629,0,0,0,0,0.07260863,0,0.00030737,0.00078994,0.00016133,0,0,0,0,0,0,0,0,0,0,0,0,0,0,0,0,0,0,0,0,0,0,0,0,0,0,0,0,0,0,0,0,0,0,0,0,0,0,0,0,0,0,0,0,0,0,0,0,0,0,0,0,0,0,0,0,0,0,0,0,0,0,0,0,0,0,0,0,0,0,0,0,0,0,0,0,0,0,0,0,0,0,0,0,0,0,0,0,0,0,0,0,0,0,0,0,0,0,0,0,0,0,0,0,0,0,0,0,0,0,0,0,0,0,0,0,0,0,0,0,0,0,0,0,0,0,0,0,0,0,0,0,0,0,0,0,0,0,0,0,0,0,0,0,0,0,0,0,0,0,0,0,0,0,0,0,0,0,0,0,0,0,0,0,0,0,0,0,0,0,0,0,0,0,0,0,0,0,0,0,0,0,0,0,0,0,0,0,0,0,0,0,0,0,0,0,0,0,0,0,0,0,0,0,0,0,0,0,0,0,0,0,0,0,0,0,0,0,0,0,0,0,0,0,0,0,0,0,0,0,0,0,0,0,0,0,0,0,0,0,0,0,0,0,0,0,0,0,0,0,0,0,0,0,0,0,0,0,0,0,0,0,0,0,0,0,0,0,0,0,0,0,0,0,0,0,0,0,0,0,0,0,0,0,0,0,0,0,0,0,0,0,0,0,0,0,0,0,0,0,0,0,0,0,3,Sanger,MicroAge,italian,F,72,elderly
JP.AD.1,0.29351697,0,0,0,0,0,0,0,2.841e-05,0,0,0,0,0,1.037e-05,0,0,0,0,0,0,0,0,0,0,0,0,0,5.576e-05,0,0,0,0,0,1.541e-05,5.44e-06,0,0,1.9e-05,0,0,0,0,0,0,0,0,0,7.528e-05,0,0,0,0,0,0,0,0,0,0,0,0,0,0,0,0,0,0,0.00034148,0.000162,0,0,0,0,0,0,0,0,0,0,0,0,0,0.00052874,0,3.833e-05,3.686e-05,0,0,0,0,0,0.00104637,0.00080747,8.964e-05,0,0,0,0,0,0,0,0,0,0,6.7e-06,0,0,0,0,0,0,0,0,0.00077432,0,0,0,0,0,0,0.00313119,0,0,0,0,0,0,2.359e-05,0,0,0,0,0,0,0,0,0.00070907,0,0,0,0,0,0,0,0,0,0.00077971,0.08141803,0.00021991,0,0,0,0.00173374,0.00549311,0.14996286,7.675e-05,0.00074907,0.00120289,0,0,0,0,0,0,0,0,0,0,4.993e-05,0,0,0.0003347,4.944e-05,3.178e-05,9.824e-05,0,0.0249852,0.00018821,0.00900656,0.01549525,0.00029862,0.00166618,0,0.00045984,0,0.00263194,0.00463335,5.196e-05,2.076e-05,0,0,0,0,0,0,0,0,1.768e-05,0.00021598,0,0.00185721,0,0.34584542,0,0.00990354,0.00019221,0.00179125,0.01443686,0,0,0,0,0,0,0,0,2.707e-05,0,0,0.00084204,7.854e-05,1.879e-05,0,0,0,0,0,0,0,0,0,0,0,0,0,0,1.259e-05,0,0,0.02087656,0,0,0,0,0,0,0.00066309,0.00013089,2.984e-05,0,0,0,0,0,0,0,0,0,0,0,0,0,0,0,0,0,0,0,0,0,0,0,0,0,0,0,0,0,0,0,0,0,0,0,0,0,0,0,0,0,0,0,0,0,0,0,0,0,0,0,0,0,0,0,0,0,0,0,0,0,0,0,0,0,0,0,0,0,0,0,0,0,0,0,0,0,0,0,0,0,0,0,0,0,0,0,0,0,0,0,0,0,0,0,0,0,0,0,0,0,0,0,0,0,0,0,0,0,0,0,0,0,0,0,0,0,0,0,0,0,0,0,0,0,0,0,0,0,0,0,0,0,0,0,0,0,0,0,0,0,0,0,0,0,0,0,0,0,0,0,0,0,0,0,0,0,0,0,0,0,0,0,0,0,0,0,0,0,0,0,0,0,0,0,0,0,0,0,0,0,0,0,0,0,0,0,0,0,0,0,0,0,0,0,0,0,0,0,0,0,0,0,0,0,0,0,0,0,0,0,0,0,0,0,0,0,0,0,0,0,0,0,0,0,0,0,0,0,0,0,0,0,0,0,0,0,0,0,0,0,0,0,0,0,0,0,0,0,0,0,0,0,0,0,0,0,0,0,0,0,0,0,0,0,0,0,0,0,0,0,0,0,0,0,0,0,0,0,0,0,0,0,0,0,0,0,0,0,0,0,0,0,0,0,0,0,0,0,0,0,0,0,0,1,Sanger,kurokawa07,japanese,M,30,healthy
JP.AD.2,0.52700195,0,0,0,0,0,0,4.689e-05,0,0,0,0,0,0,0,0,0,0,0,0,0,0,0,0,0,0,0,0,1.444e-05,0,0,0,0,0,0,9.25e-06,0,0,1.615e-05,0,0,0,0,0,0,0,0,0,9.597e-05,0,0,0,0,0,0,0,0,0,0,0,0,0,0,0,0,1.785e-05,0,0.00071886,0,0,0,0,0,0,0,0,0,0,0,0,0,0,2.543e-05,0,0.00014257,0.00112185,0,0,0,0.00110551,0,0.01705974,0.0006901,0.0001024,0,0,0,0,0,2.517e-05,1.473e-05,0,0,0,0,0,0,0,0,3.442e-05,0,0,0,0.00166855,0,2.378e-05,0,0,0,0,0.00388516,0,0,0,0,0,0,0.00012237,0,0,0,0,0,0,0,0,0,0,0,0.00030779,0,0,0,0,0,0,0.00303047,0.02333849,0.06944529,0,7.554e-05,0.00046574,0.00612861,0.00222814,0.06943643,0.00011354,0.00169769,0.01373417,8.57e-06,0,0,0,1.734e-05,0,0,0,4.724e-05,0,0,0,0,0.00064413,0,0.00032409,0.00010944,0,0.04724745,0,0.00846511,0.03953973,9.421e-05,0.00808773,0,0.00109162,0,0.01031503,0.00670894,5.52e-06,7.647e-05,0,0,0,0,0,0,0,5.655e-05,0.00572961,0.00028154,0,0.00271123,0,0.03955521,0,0.00478261,2.284e-05,0.00249746,0.01615348,0,0,0,0,0,0,0,0,1.534e-05,0,0,0.00062903,3.273e-05,1.129e-05,0,0,0,0,1.537e-05,0,0,0,0,0,0,8.892e-05,0,0,0,0,0,0.04955604,0,0,0,4.936e-05,0.01058154,0,0.00023205,0.00024474,2.536e-05,0,0,0,0,0,0,0,0,0,0,0,0,0,0,0,0,0,0,0,0,0,0,0,0,0,0,0,0,0,0,0,0,0,0,0,0,0,0,0,0,0,0,0,0,0,0,0,0,0,0,0,0,0,0,0,0,0,0,0,0,0,0,0,0,0,0,0,0,0,0,0,0,0,0,0,0,0,0,0,0,0,0,0,0,0,0,0,0,0,0,0,0,0,0,0,0,0,0,0,0,0,0,0,0,0,0,0,0,0,0,0,0,0,0,0,0,0,0,0,0,0,0,0,0,0,0,0,0,0,0,0,0,0,0,0,0,0,0,0,0,0,0,0,0,0,0,0,0,0,0,0,0,0,0,0,0,0,0,0,0,0,0,0,0,0,0,0,0,0,0,0,0,0,0,0,0,0,0,0,0,0,0,0,0,0,0,0,0,0,0,0,0,0,0,0,0,0,0,0,0,0,0,0,0,0,0,0,0,0,0,0,0,0,0,0,0,0,0,0,0,0,0,0,0,0,0,0,0,0,0,0,0,0,0,0,0,0,0,0,0,0,0,0,0,0,0,0,0,0,0,0,0,0,0,0,0,0,0,0,0,0,0,0,0,0,0,0,0,0,0,0,0,0,0,0,0,0,0,0,0,0,0,0,0,0,0,0,0,0,0,0,0,0,0,0,0,0,0,0,0,0,0,0,0,3,Sanger,kurokawa07 ,japanese,F,28,healthy
JP.AD.3,0.53048339,0,3.015e-05,0,0.00011227,0,0,0,0,0,0,0,0,0,3.624e-05,0,1.357e-05,0,0,0,0,0,0,0,0,0,0,0,0,0,0,0,0,1.34e-05,0,4.766e-05,5.25e-06,0,0,0,0,0,0,0,0,0,0,0,7.123e-05,0,0,0,0,9.25e-06,0,0,0,0,4.037e-05,0,0,0,0,0,0,0,0,0.00044932,0.0001698,0,0,0,0,0,0,0,0,0,0,3.218e-05,0,0,0.00116993,0,0.00082315,0.00360996,5.652e-05,2.594e-05,3.305e-05,0.00143472,2.124e-05,0.00249338,0.00932524,0,0,4.073e-05,0,0,0,0.00039815,2.837e-05,0,0,6.51e-06,1.504e-05,0,0,0,0,0,0,4.55e-05,0,0.00597102,0,2.096e-05,0,0,0,4.52e-06,0.00148019,0,0,0,1.701e-05,7.97e-06,0,0,0,0,0,0,0,0,0,0,0.00077418,0,0,0,0,2.789e-05,0,0,0,0,0.00450844,0.00148306,0.09661022,0,0.0001035,0,0.00322322,0.0044739,0.13405423,3.578e-05,0.00083542,0.00137493,0,4.9e-05,0,0,0,0,0,0,0,0,0,0,0,0.00040498,0,4.163e-05,0,0,0.01446762,4.589e-05,0.00400529,0.0130577,0.00025886,0.00229725,0,0.00033163,3.611e-05,0.0041035,0.00260905,6.24e-05,4.534e-05,0,0,0,0,0,0,0,0,9.265e-05,7.653e-05,0,0.00141068,0,0.05961692,0,0.00438324,0,0.01896022,0.00821703,0,0,0,0,0,0,0,0,0,0,0,0.00159887,3.364e-05,0,0,0,0,0,0,0,0,0,0,0,0,0.0025393,0,0,0,0,0,0.04409838,0,0,0,5.748e-05,0.01087245,0,0.00010221,7.622e-05,0,0,0,0,0,0,0,0,0,0,0,0,0,0,0,0,0,0,0,0,0,0,0,0,0,0,0,0,0,0,0,0,0,0,0,0,0,0,0,0,0,0,0,0,0,0,0,0,0,0,0,0,0,0,0,0,0,0,0,0,0,0,0,0,0,0,0,0,0,0,0,0,0,0,0,0,0,0,0,0,0,0,0,0,0,0,0,0,0,0,0,0,0,0,0,0,0,0,0,0,0,0,0,0,0,0,0,0,0,0,0,0,0,0,0,0,0,0,0,0,0,0,0,0,0,0,0,0,0,0,0,0,0,0,0,0,0,0,0,0,0,0,0,0,0,0,0,0,0,0,0,0,0,0,0,0,0,0,0,0,0,0,0,0,0,0,0,0,0,0,0,0,0,0,0,0,0,0,0,0,0,0,0,0,0,0,0,0,0,0,0,0,0,0,0,0,0,0,0,0,0,0,0,0,0,0,0,0,0,0,0,0,0,0,0,0,0,0,0,0,0,0,0,0,0,0,0,0,0,0,0,0,0,0,0,0,0,0,0,0,0,0,0,0,0,0,0,0,0,0,0,0,0,0,0,0,0,0,0,0,0,0,0,0,0,0,0,0,0,0,0,0,0,0,0,0,0,0,0,0,0,0,0,0,0,0,0,0,0,0,0,0,0,0,0,0,0,0,0,0,0,0,0,0,0,3,Sanger,kurokawa07 ,japanese,M,37,healthy
JP.AD.4,0.38604492,0,0,0,0,0,0,5.281e-05,0,0,0,0,0,0,0,0,0,0,0,0,0,0,0,0,0,0,0,0,0,0,0,0,0,0,1.71e-05,0,0,0,0,0,0,0,1.588e-05,0,0,0,0,0,1.201e-05,3.683e-05,0,0,0,0,0,0,0,0,0,0,0,0,0,0,0,0,0,0.00739444,0,0,0,0,0,0,0,0,0,0,0,1.763e-05,0,0,1.772e-05,0,0.00014941,0.00097248,0,0,0,0.00017539,2.328e-05,0.00127593,0.00118663,2.936e-05,0,0,0,0,0,7.825e-05,0,0,0,1.07e-05,0,0,0,0,0,0,3.909e-05,4.855e-05,0,0.00132236,0,0,0,0,0,0,0.00239982,0,0,0,3.84e-05,0,0,0.00013783,0,0,0,0,0,0,0,0,0.00023757,0,0,0,0,0,0,0,0,0,0.00088955,0.00054738,0.00063152,0,0.00016747,0.00444688,0.00565824,0.00212653,0.1168728,6.848e-05,0.00112824,0.00821235,0,4.4e-05,0,0,1.579e-05,0,0,0,0,0,0,0,0,0.0004968,4.733e-05,7.605e-05,4.34e-05,1.47e-05,0.01600474,0.00010134,0.00520611,0.02680453,0.00010395,0.00239754,0,0.00025379,3.957e-05,0.00305629,0.00431815,0,6.957e-05,0,0,0,0,0,0,0,0,3.385e-05,3.605e-05,0,0.00183529,0,0.24341582,0,0.01024103,0.0004214,0.00282521,0.00842787,0,0,0,0,0,0,0,0,0,0,0,0.00015058,0,5.388e-05,0,0,0,0,2.145e-05,0,0,0,0,0,0,0,0,0,0,0,0,0.11811154,2.795e-05,0,0,0,0.01266667,0,8.297e-05,7.1e-05,0,0,0,0,0,0,0,0,0,0,0,0,0,0,0,0,0,0,0,0,0,0,0,0,0,0,0,0,0,0,0,0,0,0,0,0,0,0,0,0,0,0,0,0,0,0,0,0,0,0,0,0,0,0,0,0,0,0,0,0,0,0,0,0,0,0,0,0,0,0,0,0,0,0,0,0,0,0,0,0,0,0,0,0,0,0,0,0,0,0,0,0,0,0,0,0,0,0,0,0,0,0,0,0,0,0,0,0,0,0,0,0,0,0,0,0,0,0,0,0,0,0,0,0,0,0,0,0,0,0,0,0,0,0,0,0,0,0,0,0,0,0,0,0,0,0,0,0,0,0,0,0,0,0,0,0,0,0,0,0,0,0,0,0,0,0,0,0,0,0,0,0,0,0,0,0,0,0,0,0,0,0,0,0,0,0,0,0,0,0,0,0,0,0,0,0,0,0,0,0,0,0,0,0,0,0,0,0,0,0,0,0,0,0,0,0,0,0,0,0,0,0,0,0,0,0,0,0,0,0,0,0,0,0,0,0,0,0,0,0,0,0,0,0,0,0,0,0,0,0,0,0,0,0,0,0,0,0,0,0,0,0,0,0,0,0,0,0,0,0,0,0,0,0,0,0,0,0,0,0,0,0,0,0,0,0,0,0,0,0,0,0,0,0,0,0,0,0,0,0,0,0,0,0,0,1,Sanger,kurokawa07 ,japanese,F,36,healthy
JP.AD.5,0.58345103,0,0,0,0,0,0,5.002e-05,0,0,0,1.192e-05,0,0,2.089e-05,0,0,0,0,0,0,2.203e-05,0,0,0,0,0,0,0.00030332,0,0,0,0,6.96e-06,0,4.94e-06,0,0,0,5.33e-06,0.00030015,0.00013287,9.755e-05,0,0,0,0,0,0,0,0,0,0,2.882e-05,0,0,0,0,4.191e-05,0,0,0,0,0,0,1.27e-05,0,9.165e-05,0,0,0,0,0,0,0,0,0,0,0,0,0,0,0.00016095,0,5.54e-06,0.00136463,0,0,0,0.00013411,0,0.00096908,0.00010602,8.681e-05,0,0,0,0,1.798e-05,0,0,0,0,0,0,0,0,0,0,0,0,9.169e-05,0,0.00442693,0,4.866e-05,0,0,0,0,0.00578772,0,0,0,8.83e-06,0,0,0.00041739,0,0,0,0,0,0,0,0,0.00825079,0,0,0,0,0,0,0,0,0,0.00072764,0.00047812,0,0,4.042e-05,0.01284327,0.01415368,0.0031863,0.02285126,0.0001253,0.0037657,0.01876608,0,0.00042562,0,0,2.433e-05,0,0,0,0,0.00010052,1.996e-05,0,0,0.00136345,0,0.00070112,4.111e-05,2.785e-05,0.03266628,0.00019198,0.01176547,0.00638873,0.00018461,0.00196294,0,0.00464702,0,0.00581477,0.00697613,2.65e-05,0.00018669,0,0,0,0,0,0,0,0,0.00019235,0.00063912,0,0.00268016,0,0.10420532,0,0.00956187,0.00033751,0.00116983,0.00936411,0,0,0,0,0,0,0,0,0,0,0,0.00049292,0,0,0,0,0,0,6.402e-05,0,0,0,0,0,0,0.0007331,0,0,0,0,0,0.09008786,0,4.514e-05,0,0.00010532,0.02177568,0,0.00144609,0.00014242,4.51e-05,0,0,0,0,0,0,0,0,0,0,0,0,0,0,0,0,0,0,0,0,0,0,0,0,0,0,0,0,0,0,0,0,0,0,0,0,0,0,0,0,0,0,0,0,0,0,0,0,0,0,0,0,0,0,0,0,0,0,0,0,0,0,0,0,0,0,0,0,0,0,0,0,0,0,0,0,0,0,0,0,0,0,0,0,0,0,0,0,0,0,0,0,0,0,0,0,0,0,0,0,0,0,0,0,0,0,0,0,0,0,0,0,0,0,0,0,0,0,0,0,0,0,0,0,0,0,0,0,0,0,0,0,0,0,0,0,0,0,0,0,0,0,0,0,0,0,0,0,0,0,0,0,0,0,0,0,0,0,0,0,0,0,0,0,0,0,0,0,0,0,0,0,0,0,0,0,0,0,0,0,0,0,0,0,0,0,0,0,0,0,0,0,0,0,0,0,0,0,0,0,0,0,0,0,0,0,0,0,0,0,0,0,0,0,0,0,0,0,0,0,0,0,0,0,0,0,0,0,0,0,0,0,0,0,0,0,0,0,0,0,0,0,0,0,0,0,0,0,0,0,0,0,0,0,0,0,0,0,0,0,0,0,0,0,0,0,0,0,0,0,0,0,0,0,0,0,0,0,0,0,0,0,0,0,0,0,0,0,0,0,0,0,0,0,0,0,0,0,0,0,0,0,0,0,3,Sanger,kurokawa07 ,japanese,M,3,healthy
JP.AD.6,0.32948505,0,0,0,0,0,0,0.00011665,0,0,0,0,0,0,0,0,0,0,0,0,0,0,0,0,0,0,0,0,0,0,0,0,0,0,0,1.907e-05,0,0,0,0,0,0,0,0,0,7.39e-06,0,0,1.326e-05,2.034e-05,0,0,0,0,0,0,0,0,0,0,0,0,0,0,0,0,0,0.00018817,6.85e-05,0,0,0,0,0,0,0,0,0,0,0,0,0,8.273e-05,0,6.636e-05,0.00036342,0,0,0,3.033e-05,0,0.0029443,0.00032713,3.09e-05,0,0,0,0,0,4.142e-05,2.78e-05,0,0,0,0,0,0,0,0,0,0,5.508e-05,0,0.00323627,0,0,0,0,0,0,0.00558019,0,0,0,0,0,0,0,0,0,0,0,0,0,0,0,0.00162419,0,0,0,0,0,0,0,0,0,0.00011569,0.00044226,0.00011624,0,0.00064177,0.00170289,0.01446342,0.00290493,0.04043665,0.00011692,0.00193953,0.00666102,0,7.884e-05,0,0,0,0,0,0,0,0,0,0,0,0.00028739,0,0.00024637,0.00014381,0,0.04465106,3.689e-05,0.00564823,0.00453819,0.00012915,0.00280994,0,0.00261155,0,0.00391288,0.00513472,5.493e-05,6.585e-05,0,0,0,0,0,0,4.064e-05,0,3.738e-05,0.00013868,0,0.0010325,0,0.3764159,0,0.03556584,0.0012003,0.0023236,0.02839335,0,0,0,0,0,0,0,0,0,0,0,0,0,5.372e-05,0,0,0,0,0,0,0,0,0,0,0,8.856e-05,0,0,0,0,0,0.05905813,0,0,0,0,0.00749,0,0.00373417,0.00020757,0,0,0,0,0,0,0,0,0,0,0,0,0,0,0,0,0,0,0,0,0,0,0,0,0,0,0,0,0,0,0,0,0,0,0,0,0,0,0,0,0,0,0,0,0,0,0,0,0,0,0,0,0,0,0,0,0,0,0,0,0,0,0,0,0,0,0,0,0,0,0,0,0,0,0,0,0,0,0,0,0,0,0,0,0,0,0,0,0,0,0,0,0,0,0,0,0,0,0,0,0,0,0,0,0,0,0,0,0,0,0,0,0,0,0,0,0,0,0,0,0,0,0,0,0,0,0,0,0,0,0,0,0,0,0,0,0,0,0,0,0,0,0,0,0,0,0,0,0,0,0,0,0,0,0,0,0,0,0,0,0,0,0,0,0,0,0,0,0,0,0,0,0,0,0,0,0,0,0,0,0,0,0,0,0,0,0,0,0,0,0,0,0,0,0,0,0,0,0,0,0,0,0,0,0,0,0,0,0,0,0,0,0,0,0,0,0,0,0,0,0,0,0,0,0,0,0,0,0,0,0,0,0,0,0,0,0,0,0,0,0,0,0,0,0,0,0,0,0,0,0,0,0,0,0,0,0,0,0,0,0,0,0,0,0,0,0,0,0,0,0,0,0,0,0,0,0,0,0,0,0,0,0,0,0,0,0,0,0,0,0,0,0,0,0,0,0,0,0,0,0,0,0,0,0,1,Sanger,kurokawa07 ,japanese,F,1.5,healthy
JP.AD.7,0.19526355,0,0,0,0,0,0,0.00623069,0,0,0,0,0,0,2.373e-05,0,0,0,0,0,0,0,0,0,0,0,0,0,0,0,0,0,0,0,4.28e-05,0,0,0,2.06e-05,0,0,1.596e-05,0,0,0,0,0,0,0.00010764,0,0,0,3.713e-05,0,0,0,0,0,0,0,0,0,0,0,0,0,0,3.76e-05,0,0,0,0,0,0,0,0,0,0,0,0,0,0,8.59e-05,0,0,0,0,0,1.437e-05,0,0,0.00031351,0,0,0,2.134e-05,0,0,0,1.179e-05,6.187e-05,0,0,0,0,0,0,0.00013133,0,0,0,0,0,0.00639396,0,2.757e-05,0,0,0,0,0.00586601,0,0,0,6.884e-05,0,0,0,0,0,0,0,0,0,0,0,0,0,0,0,0,0,0,0,0,0,0.00010431,0.00032491,0,0,0.00078803,0,0.00254386,0.00021084,0.00617992,2.984e-05,0.0003897,0.00032425,0,6.93e-06,0,0,0,0,0,0,0,0,0,0,0,0.000102,0,0.00039985,0.00025933,0,0.03334218,0,0.00534706,0.2506211,0.00018632,0.00975859,0,0.00836589,0,0.00952,0.00789254,0,0.0001623,0,0,0,0,0,0,0,0,0,0.00024986,0,0.00017627,0,0.39640911,0,0.0287807,0,0.00473931,0.00172788,0,0,0,0,0,0,0,0,0.00037507,0,0,8.885e-05,0,0,0,0,0,0,0,0,0,0,0,0,0,0,0,0,0,0,0,0.01363817,0,0,0,0,0.00195576,0,0.00022309,0,0,0,0,0,0,0,0,0,0,0,0,0,0,0,0,0,0,0,0,0,0,0,0,0,0,0,0,0,0,0,0,0,0,0,0,0,0,0,0,0,0,0,0,0,0,0,0,0,0,0,0,0,0,0,0,0,0,0,0,0,0,0,0,0,0,0,0,0,0,0,0,0,0,0,0,0,0,0,0,0,0,0,0,0,0,0,0,0,0,0,0,0,0,0,0,0,0,0,0,0,0,0,0,0,0,0,0,0,0,0,0,0,0,0,0,0,0,0,0,0,0,0,0,0,0,0,0,0,0,0,0,0,0,0,0,0,0,0,0,0,0,0,0,0,0,0,0,0,0,0,0,0,0,0,0,0,0,0,0,0,0,0,0,0,0,0,0,0,0,0,0,0,0,0,0,0,0,0,0,0,0,0,0,0,0,0,0,0,0,0,0,0,0,0,0,0,0,0,0,0,0,0,0,0,0,0,0,0,0,0,0,0,0,0,0,0,0,0,0,0,0,0,0,0,0,0,0,0,0,0,0,0,0,0,0,0,0,0,0,0,0,0,0,0,0,0,0,0,0,0,0,0,0,0,0,0,0,0,0,0,0,0,0,0,0,0,0,0,0,0,0,0,0,0,0,0,0,0,0,0,0,0,0,0,0,0,0,0,0,0,0,0,0,0,0,0,0,0,0,0,0,0,0,0,0,1,Sanger,kurokawa07 ,japanese,M,45,healthy
JP.AD.8,0.36281206,0,0,0,0,0,0,2.512e-05,0,0,0,0,0,0,0,0,0,0,0,0,0,0,0,0,0,0,0,0,0,0,0,0,0,4.287e-05,0,0,0,0,0,0,0,1.299e-05,0,0,0,0,0,0,0,0,0,0,0,0,0,0,0,0,0,0,0,0,0,0,0,9.78e-06,0,1.231e-05,6.033e-05,0,0,0,0,0,0,0,0,0,0,0,0,0,0.00027512,0,0,0,0,0,0,0,0,0.00011033,0,0.00012231,0,0,0,0,0,0,4.842e-05,0,0,0,0,0,0,0,0,0,0,0,0,0.00056375,0,0,0,0,0,0,0.00171056,0,0,0,9.174e-05,0,0,2.197e-05,0,0,0,0,0,0,0,0,0,0,0,0,0,0,0,0,0,0,0.00027594,0.00055684,1.137e-05,0,8.215e-05,0,0.00503819,0.00701326,0.04625015,7.146e-05,0.0025836,0.00520158,0,0,0,0,0,0,0,0,0,0,0,0,0,0.00063114,0,0.00033531,0.00027102,0,0.02348259,8.177e-05,0.01366397,0.04036311,7.793e-05,0.00477655,0,0.00177317,0,0.0024874,0.00993769,0,0.00015143,0,0,0,0,0,0,0,0,1.646e-05,0.00043365,0,0.00109562,2.978e-05,0.34306012,0,0.03680637,2.987e-05,0.00244243,0.00796483,0,0,0,0,0,0,0,0,0,0,0,0,1.626e-05,0,0,0,0,0,0,0,0,0,0,0,0,0,0,0,0.0001314,0,0,0.04136063,0,0,0,3.063e-05,0.03387083,0,0.00147885,0.00019498,0,0,0,0,0,0,0,0,0,0,0,0,0,0,0,0,0,0,0,0,0,0,0,0,0,0,0,0,0,0,0,0,0,0,0,0,0,0,0,0,0,0,0,0,0,0,0,0,0,0,0,0,0,0,0,0,0,0,0,0,0,0,0,0,0,0,0,0,0,0,0,0,0,0,0,0,0,0,0,0,0,0,0,0,0,0,0,0,0,0,0,0,0,0,0,0,0,0,0,0,0,0,0,0,0,0,0,0,0,0,0,0,0,0,0,0,0,0,0,0,0,0,0,0,0,0,0,0,0,0,0,0,0,0,0,0,0,0,0,0,0,0,0,0,0,0,0,0,0,0,0,0,0,0,0,0,0,0,0,0,0,0,0,0,0,0,0,0,0,0,0,0,0,0,0,0,0,0,0,0,0,0,0,0,0,0,0,0,0,0,0,0,0,0,0,0,0,0,0,0,0,0,0,0,0,0,0,0,0,0,0,0,0,0,0,0,0,0,0,0,0,0,0,0,0,0,0,0,0,0,0,0,0,0,0,0,0,0,0,0,0,0,0,0,0,0,0,0,0,0,0,0,0,0,0,0,0,0,0,0,0,0,0,0,0,0,0,0,0,0,0,0,0,0,0,0,0,0,0,0,0,0,0,0,0,0,0,0,0,0,0,0,0,0,0,0,0,0,0,0,0,0,0,0,0,1,Sanger,kurokawa07 ,japanese,M,35,healthy
JP.AD.9,0.38732586,0,0,0,0,0,0,0,0,0,0,0,0,0,0,0,0,0,0,0,0,0,0,0,0,0,0,0,0,0,0,0,0,0,0,0,0,0,0,0,0,0,1.208e-05,0,0,0,0,0,3.657e-05,0,0,0,0,0,0,0,0,0,0,0,0,0,0,0,0,0,0,7.301e-05,6.295e-05,0,0,0,0,0,0,0,0,0,0,0,0,0,0.00025397,0,1.78e-05,3.507e-05,0,0,0,0,0,0.00825083,0,0.00054158,7.826e-05,0,0,0,0,0,0,0,0,0,0,0,0,0,0,0,0,0,0,0.00035939,0,0,0,0,0,1.393e-05,0.00142453,0,0,1.083e-05,0,0,0,6.082e-05,0,0,0,0,0,0,0,0,0,0,0,0,0,0,0,0,0,0,0.00062637,0.00063914,0,0,3.443e-05,0.00059691,0.00485453,0.00368731,0.13367981,6.336e-05,0.0010957,0.00052699,0,0,0,0,0,0,0,0,0.000108,0,4.85e-05,0,0,0.00163177,0,0.00028814,4.405e-05,0,0.03284652,0.00011999,0.017551,0.05249463,0.00045683,0.00390916,0,0.08422954,0,0.00776587,0.01396384,6.31e-05,0.00022525,0,0,0,0,0,0,0,0,0.00042938,0.00119429,0,0.0023934,0,0.21288424,0,0.00367886,2.222e-05,0.00105555,0.00087713,0,0,0,0,0,0,0,0,0,0,0,0,1.256e-05,0,0,0,0,0,0,0,0,0,0,0,0,0,0,0,0,0,0,0.01536003,5.443e-05,0,0,9.59e-05,0.00137898,0,0.00044209,1.272e-05,0,0,0,0,0,0,0,0,0,0,0,0,0,0,0,0,0,0,0,0,0,0,0,0,0,0,0,0,0,0,0,0,0,0,0,0,0,0,0,0,0,0,0,0,0,0,0,0,0,0,0,0,0,0,0,0,0,0,0,0,0,0,0,0,0,0,0,0,0,0,0,0,0,0,0,0,0,0,0,0,0,0,0,0,0,0,0,0,0,0,0,0,0,0,0,0,0,0,0,0,0,0,0,0,0,0,0,0,0,0,0,0,0,0,0,0,0,0,0,0,0,0,0,0,0,0,0,0,0,0,0,0,0,0,0,0,0,0,0,0,0,0,0,0,0,0,0,0,0,0,0,0,0,0,0,0,0,0,0,0,0,0,0,0,0,0,0,0,0,0,0,0,0,0,0,0,0,0,0,0,0,0,0,0,0,0,0,0,0,0,0,0,0,0,0,0,0,0,0,0,0,0,0,0,0,0,0,0,0,0,0,0,0,0,0,0,0,0,0,0,0,0,0,0,0,0,0,0,0,0,0,0,0,0,0,0,0,0,0,0,0,0,0,0,0,0,0,0,0,0,0,0,0,0,0,0,0,0,0,0,0,0,0,0,0,0,0,0,0,0,0,0,0,0,0,0,0,0,0,0,0,0,0,0,0,0,0,0,0,0,0,0,0,0,0,0,0,0,0,0,0,0,0,0,0,1,Sanger,kurokawa07 ,japanese,F,24,healthy
JP.IN.1,0.57703516,0,0,0,0,0,0,0,0,0,0,0,0,0,0,0,0,0,0,0,0,0,0,0,0,0,0,0,0.0005199,0,0,0,0,0,0,4.403e-05,0,0,4.686e-05,0,0,0,0,0,0,0,0,0,0,0,0,0,0,5.039e-05,2.299e-05,0,0,0,0,3.871e-05,0,0,0,0,0,9.621e-05,0,0,0,0,0,0,0,0,0,7.38e-05,1.052e-05,0,0,0.00016873,0,0,0.00031637,0,0.02004082,0.07952276,0.00110056,0.00014041,0.00075339,0.02294262,0.0003719,0.05220009,0.2173226,0,0.0001724,0.00077774,7.343e-05,0,0.00039148,0.00876306,0.0005843,8.775e-05,0,0,0.00147396,0,0,0,0,0,0,0,0,0.00010794,0,0,0,0,0,4.32e-06,0.00011875,0,0,0,2.058e-05,0,0,0,0,0,0,0,0,0,0,0,0,0,0,0,0,0,0,0,0,0,0,0.00021772,0.0006198,0,0.00169665,0,0.0002138,6.152e-05,0.00132073,0,0,4.439e-05,0,0.00245946,0,0,0,0,0,0,0,0,0,0,0,0.00107038,0,5.038e-05,0,0,0.00091447,0,0.00026087,0.00094675,0,0.00080754,0,0.00015136,0,4.156e-05,0.00012911,0,0,0,0,0,0,0,0,0,0,7.474e-05,0.00010764,0,5.077e-05,0,0.00150148,0,9.032e-05,0,6.96e-05,0.00026766,0,0,0,0,0,0,0,0,0,0,0,0.00087092,0,0,0,0,0,0,0,0,0,0,0,0,0,0.00022084,0,0,0,0,0,0.0003041,0,0,0,0,4.092e-05,0,0,0,0,0,0,0,0,0,0,0,0,0,0,0,0,0,0,0,0,0,0,0,0,0,0,0,0,0,0,0,0,0,0,0,0,0,0,0,0,0,0,0,0,0,0,0,0,0,0,0,0,0,0,0,0,0,0,0,0,0,0,0,0,0,0,0,0,0,0,0,0,0,0,0,0,0,0,0,0,0,0,0,0,0,0,0,0,0,0,0,0,0,0,0,0,0,0,0,0,0,0,0,0,0,0,0,0,0,0,0,0,0,0,0,0,0,0,0,0,0,0,0,0,0,0,0,0,0,0,0,0,0,0,0,0,0,0,0,0,0,0,0,0,0,0,0,0,0,0,0,0,0,0,0,0,0,0,0,0,0,0,0,0,0,0,0,0,0,0,0,0,0,0,0,0,0,0,0,0,0,0,0,0,0,0,0,0,0,0,0,0,0,0,0,0,0,0,0,0,0,0,0,0,0,0,0,0,0,0,0,0,0,0,0,0,0,0,0,0,0,0,0,0,0,0,0,0,0,0,0,0,0,0,0,0,0,0,0,0,0,0,0,0,0,0,0,0,0,0,0,0,0,0,0,0,0,0,0,0,0,0,0,0,0,0,0,0,0,0,0,0,0,0,0,0,0,0,0,0,0,0,0,0,0,0,0,0,0,0,0,0,0,0,0,0,0,0,0,0,0,0,0,0,0,0,0,0,,Sanger,kurokawa07 ,japanese,F,0.58,healthy
JP.IN.2,0.07864845,0,0,0,0,0,3.534e-05,0,0,0,0,0,0,0,0,0,0,0,0,0,0,0,0,0,0,0,0,0,5.072e-05,0,0,0,0,0,0,0,1.032e-05,0,0,0,0,0,0,0,0,0,0,0,0,0,0,0,0,0,0,0,0,0,0,0,0,0.00016755,0,0,0,0,0,0,0,0,0,0,0,0,0,0,0,0,0,0,0,0,0.01731977,0,6.47e-06,1.59e-05,0,0,0,1.94e-05,0,0.00183129,5.086e-05,0.00054413,0,0,0,0,0,0,5.8e-06,0,0,0,0,3.522e-05,0,5.684e-05,0,0,0,0,0,0.00068801,0,0,0,0,0,0,0.00030935,0,0,0,6.3e-06,0,0,0,0,0,0,0,0,0,0,0,0,0,0,0,0,0,0,0,0,0,0,0,0,0,9.901e-05,0,0,0,0,0,0,0,0,0.00023496,0,0,0,0,0,0,0,0,0.00026922,0,0,0.0010788,0,0,0,0,3.556e-05,0,1.885e-05,0,0,6.99e-06,0,0.00016473,0,0,0.00020082,1.261e-05,0,0,0,0,0,0,0,0,0,4.575e-05,0,0,0,0,7.33e-06,0,0,0,0,0,0,0,0,0,0,0,0,0,0,0,0,0.00104732,0.00017568,3.694e-05,0,0,0,0,0,0,0,0,0,0,0,1.355e-05,0,0,0,0,0,0.89671394,3.625e-05,0,0,0,0,0,0,0,0,0,0,0,0,0,0,0,0,0,0,0,0,0,0,0,0,0,0,0,0,0,0,0,0,0,0,0,0,0,0,0,0,0,0,0,0,0,0,0,0,0,0,0,0,0,0,0,0,0,0,0,0,0,0,0,0,0,0,0,0,0,0,0,0,0,0,0,0,0,0,0,0,0,0,0,0,0,0,0,0,0,0,0,0,0,0,0,0,0,0,0,0,0,0,0,0,0,0,0,0,0,0,0,0,0,0,0,0,0,0,0,0,0,0,0,0,0,0,0,0,0,0,0,0,0,0,0,0,0,0,0,0,0,0,0,0,0,0,0,0,0,0,0,0,0,0,0,0,0,0,0,0,0,0,0,0,0,0,0,0,0,0,0,0,0,0,0,0,0,0,0,0,0,0,0,0,0,0,0,0,0,0,0,0,0,0,0,0,0,0,0,0,0,0,0,0,0,0,0,0,0,0,0,0,0,0,0,0,0,0,0,0,0,0,0,0,0,0,0,0,0,0,0,0,0,0,0,0,0,0,0,0,0,0,0,0,0,0,0,0,0,0,0,0,0,0,0,0,0,0,0,0,0,0,0,0,0,0,0,0,0,0,0,0,0,0,0,0,0,0,0,0,0,0,0,0,0,0,0,0,0,0,0,0,0,0,0,0,0,0,0,0,0,0,0,0,0,0,0,0,0,0,0,0,,Sanger,kurokawa07 ,japanese,M,0.5,healthy
JP.IN.3,0.10810843,0,0,0,0,0,0,5.202e-05,0,0,0,0,0,0,0,0,0,0,0,0,0,0,0,0,0,0,0,0,0.00016138,0,0,0,0,0,0,0,0,0,0,0,0,0,0,0,0,0,0,0,1.273e-05,0,0,0,0,0,0,0,0,0,0,0,0,0,0,0,0,0,0,0,0,0,0,0,0,1.094e-05,0,0,0,0,0,0,0,0,0.03372868,0,0,0,0,0,0,0,0,0.00019246,0.00025213,0.00012682,0,0,0,0,1.341e-05,0,0,0,0,0,0,0,0,0,0,0,0,0,0,0.00192389,0,0,0,0,0,0,0.00272441,0,0,0,3.073e-05,2.525e-05,0,0,0,0,0,0,0,0,0,0,0,0,0,0,0,0,0,0,0,0,0.00026645,4.993e-05,0,0,0.00101014,0,0.00040564,0.00022799,0.00132284,9.116e-05,4.007e-05,0.00026273,0,5.043e-05,0,0,0,0,0,0.00075304,2.82e-05,0,0.00020423,0,0,0.00046595,0,8.597e-05,0.00016355,0,0.00240677,0,0.0015861,0.00057441,0,0.00183368,0,0.00049317,2.796e-05,0.00254071,0.06449291,0,4.68e-06,0,0,0,0,0,0,0,0,2.391e-05,2.547e-05,1.847e-05,0.00018002,0,1.148e-05,0,0,0,0,0,0,0,0,0,0,0,0,0,0,0,0,0.00018543,2.605e-05,0.00218414,0,0,0,0,0,0,4.572e-05,0,9.175e-05,0,4.465e-05,5.659e-05,0,0,0.01226208,0,3.15e-06,0.75091601,0,0,0,6.896e-05,0,0,0.0067701,0.00033404,0,0,0,0,0,0,0,0,0,0,0,0,0,0,0,0,0,0,0,0,0,0,0,0,0,0,0,0,0,0,0,0,0,0,0,0,0,0,0,0,0,0,0,0,0,0,0,0,0,0,0,0,0,0,0,0,0,0,0,0,0,0,0,0,0,0,0,0,0,0,0,0,0,0,0,0,0,0,0,0,0,0,0,0,0,0,0,0,0,0,0,0,0,0,0,0,0,0,0,0,0,0,0,0,0,0,0,0,0,0,0,0,0,0,0,0,0,0,0,0,0,0,0,0,0,0,0,0,0,0,0,0,0,0,0,0,0,0,0,0,0,0,0,0,0,0,0,0,0,0,0,0,0,0,0,0,0,0,0,0,0,0,0,0,0,0,0,0,0,0,0,0,0,0,0,0,0,0,0,0,0,0,0,0,0,0,0,0,0,0,0,0,0,0,0,0,0,0,0,0,0,0,0,0,0,0,0,0,0,0,0,0,0,0,0,0,0,0,0,0,0,0,0,0,0,0,0,0,0,0,0,0,0,0,0,0,0,0,0,0,0,0,0,0,0,0,0,0,0,0,0,0,0,0,0,0,0,0,0,0,0,0,0,0,0,0,0,0,0,0,0,0,0,0,0,0,0,0,0,0,0,0,0,0,0,0,0,0,0,0,0,0,0,0,0,0,0,0,0,0,0,0,0,0,0,,Sanger,kurokawa07,japanese,M,0.25,healthy
JP.IN.4,0.46189138,0,0,0,0,0,0,0,0,0,0,0,0,0,0,0,0,0,0,0,2.08e-05,0,0,0,0,0,0,0,0.00047294,0,0,0,0,7.744e-05,6.654e-05,6.37e-06,3.438e-05,0,5.149e-05,3.562e-05,0,1.056e-05,0,0,0,0,0,0,0,0,0,0,0,0,0,0,0,0,0,0,0,0,0,0,0,0,0,9.973e-05,0,0,0,0,0,0.00021375,0,0,0,0,0,0,0,0,0.00863725,0,0.00271904,0.01709634,7.265e-05,0,2.535e-05,0.00049146,0,0.28597625,0.004155,0.00108848,0,2.823e-05,0,0,0,0.00049657,0.00030071,0,0,0,7.922e-05,0,0,0,0,0,0,0,0,0.00101581,0,8.96e-05,0,8.88e-06,0,2.17e-05,0.00319474,0,0,0,0.00021673,0,0,0,0,0,0,0,0,0,0,0,0.00014312,0,0,0,0,0,0,0,0,0,0.00022088,0.00516931,0.00099867,4.638e-05,0.00717983,0.00010055,0.00138664,0.00030839,0.00455436,0,0.00019006,0.00102069,0,0.00296132,0,0,0,0,0,0,0,0,7.205e-05,0,0,0.00485239,0,0.00024052,2.288e-05,0,0.01021821,0,0.00198851,0.00149543,0,0.00062598,0,0.00433287,0,0.00063602,0.00401083,6.817e-05,2.095e-05,0,0,0,0,0,0,0,0,0,0.00074263,0,7.271e-05,0,0.00490534,0,0.00045717,0,0.00042869,0.00048706,0,0,0,0,0,0,0,0,0,0,0,0.02351391,6.118e-05,0.00126566,0,0,0,0,7.54e-06,0,0,0,0,0,0,0.00164959,0,5.251e-05,7.609e-05,0,0,0.12224387,0,0,0,9.495e-05,0.00027291,0,0.00210816,0,0,0,0,0,0,0,0,0,0,0,0,0,0,0,0,0,0,0,0,0,0,0,0,0,0,0,0,0,0,0,0,0,0,0,0,0,0,0,0,0,0,0,0,0,0,0,0,0,0,0,0,0,0,0,0,0,0,0,0,0,0,0,0,0,0,0,0,0,0,0,0,0,0,0,0,0,0,0,0,0,0,0,0,0,0,0,0,0,0,0,0,0,0,0,0,0,0,0,0,0,0,0,0,0,0,0,0,0,0,0,0,0,0,0,0,0,0,0,0,0,0,0,0,0,0,0,0,0,0,0,0,0,0,0,0,0,0,0,0,0,0,0,0,0,0,0,0,0,0,0,0,0,0,0,0,0,0,0,0,0,0,0,0,0,0,0,0,0,0,0,0,0,0,0,0,0,0,0,0,0,0,0,0,0,0,0,0,0,0,0,0,0,0,0,0,0,0,0,0,0,0,0,0,0,0,0,0,0,0,0,0,0,0,0,0,0,0,0,0,0,0,0,0,0,0,0,0,0,0,0,0,0,0,0,0,0,0,0,0,0,0,0,0,0,0,0,0,0,0,0,0,0,0,0,0,0,0,0,0,0,0,0,0,0,0,0,0,0,0,0,0,0,0,0,0,0,0,0,0,0,0,0,0,0,0,0,0,0,0,0,0,0,0,0,0,0,0,0,0,0,0,0,0,0,0,,Sanger,kurokawa07 ,japanese,F,0.33,healthy